asset_id,中文名称,类别,条目类型,用途关联系统,状态,现有证据,生产方式,依赖接口,基础母版ID,派生规则,验收要求
CHAR-001,现有居民近景程序组合母版,现有角色程序组件,组合模板,NPC/家庭生命周期/街道人流,已集成代码生成,"src/rendering/citizen-appearance.ts:19-51；src/renderer.ts:240,829（已消费程序组件；仅0.2m方块轮廓，未作本次美术验收）",代码生成describeCitizen；不是外部模型或成熟骨骼,只读Citizen.id/position/state/role + extension.actorProfiles.age/alive；拟visualDescriptor/骨骼socket；不写模拟或碰撞,CHAR-001,按稳定id种子组合躯干、四肢、脸、衣发饰；实例与换色不另计模型,保留真实已接入状态；当前0.2m粗轮廓仅基线，后续细体素母版需独立近景美术验收
CHAR-002,现有程序躯干,现有角色程序组件,基础组件,NPC外观/人流,已集成代码生成,src/rendering/citizen-appearance.ts:24-25；src/renderer.ts:829,复用THREE.BoxGeometry与实例矩阵生成（粗轮廓基线）,只读Citizen.id/position/state/role + extension.actorProfiles.age/alive；拟visualDescriptor/骨骼socket；不写模拟或碰撞,CHAR-002,衣装garment=1/2；不把左右镜像/居民实例算新model,当前已接入可复核尺寸/颜色/矩阵；后续需细体素轮廓与边缘层次，不能将现有方块视作最终美术通过
CHAR-003,现有程序头部,现有角色程序组件,基础组件,NPC外观/人流,已集成代码生成,"src/rendering/citizen-appearance.ts:26,95；src/renderer.ts:829",复用THREE.BoxGeometry与实例矩阵生成（粗轮廓基线）,只读Citizen.id/position/state/role + extension.actorProfiles.age/alive；拟visualDescriptor/骨骼socket；不写模拟或碰撞,CHAR-003,0.2m头部；近景使用面孔图集；不把左右镜像/居民实例算新model,当前已接入可复核尺寸/颜色/矩阵；后续需细体素轮廓与边缘层次，不能将现有方块视作最终美术通过
CHAR-004,现有程序大腿,现有角色程序组件,基础组件,NPC外观/人流,已集成代码生成,src/rendering/citizen-appearance.ts:32-33；src/renderer.ts:829,复用THREE.BoxGeometry与实例矩阵生成（粗轮廓基线）,只读Citizen.id/position/state/role + extension.actorProfiles.age/alive；拟visualDescriptor/骨骼socket；不写模拟或碰撞,CHAR-004,左右复用一个母版；不把左右镜像/居民实例算新model,当前已接入可复核尺寸/颜色/矩阵；后续需细体素轮廓与边缘层次，不能将现有方块视作最终美术通过
CHAR-005,现有程序小腿,现有角色程序组件,基础组件,NPC外观/人流,已集成代码生成,src/rendering/citizen-appearance.ts:34-37；src/renderer.ts:829,复用THREE.BoxGeometry与实例矩阵生成（粗轮廓基线）,只读Citizen.id/position/state/role + extension.actorProfiles.age/alive；拟visualDescriptor/骨骼socket；不写模拟或碰撞,CHAR-005,近景分节；坐姿小腿垂直；不把左右镜像/居民实例算新model,当前已接入可复核尺寸/颜色/矩阵；后续需细体素轮廓与边缘层次，不能将现有方块视作最终美术通过
CHAR-006,现有程序鞋足,现有角色程序组件,基础组件,NPC外观/人流,已集成代码生成,src/rendering/citizen-appearance.ts:38；src/renderer.ts:829,复用THREE.BoxGeometry与实例矩阵生成（粗轮廓基线）,只读Citizen.id/position/state/role + extension.actorProfiles.age/alive；拟visualDescriptor/骨骼socket；不写模拟或碰撞,CHAR-006,左右复用；当前单色块；不把左右镜像/居民实例算新model,当前已接入可复核尺寸/颜色/矩阵；后续需细体素轮廓与边缘层次，不能将现有方块视作最终美术通过
CHAR-007,现有远景整腿代理,现有角色程序组件,基础组件,NPC外观/人流,已集成代码生成,src/rendering/citizen-appearance.ts:39；src/renderer.ts:829,复用THREE.BoxGeometry与实例矩阵生成（粗轮廓基线）,只读Citizen.id/position/state/role + extension.actorProfiles.age/alive；拟visualDescriptor/骨骼socket；不写模拟或碰撞,CHAR-007,整腿代替上下腿；不把左右镜像/居民实例算新model,当前已接入可复核尺寸/颜色/矩阵；后续需细体素轮廓与边缘层次，不能将现有方块视作最终美术通过
CHAR-008,现有程序袖臂,现有角色程序组件,基础组件,NPC外观/人流,已集成代码生成,src/rendering/citizen-appearance.ts:40-41；src/renderer.ts:829,复用THREE.BoxGeometry与实例矩阵生成（粗轮廓基线）,只读Citizen.id/position/state/role + extension.actorProfiles.age/alive；拟visualDescriptor/骨骼socket；不写模拟或碰撞,CHAR-008,左右复用；肩轴摆动；不把左右镜像/居民实例算新model,当前已接入可复核尺寸/颜色/矩阵；后续需细体素轮廓与边缘层次，不能将现有方块视作最终美术通过
CHAR-009,现有程序手部,现有角色程序组件,基础组件,NPC外观/人流,已集成代码生成,src/rendering/citizen-appearance.ts:42；src/renderer.ts:829,复用THREE.BoxGeometry与实例矩阵生成（粗轮廓基线）,只读Citizen.id/position/state/role + extension.actorProfiles.age/alive；拟visualDescriptor/骨骼socket；不写模拟或碰撞,CHAR-009,近景裸手色块；不把左右镜像/居民实例算新model,当前已接入可复核尺寸/颜色/矩阵；后续需细体素轮廓与边缘层次，不能将现有方块视作最终美术通过
CHAR-010,现有短发后片,现有角色程序组件,基础组件,NPC外观/人流,已集成代码生成,src/rendering/citizen-appearance.ts:45；src/renderer.ts:829,复用THREE.BoxGeometry与实例矩阵生成（粗轮廓基线）,只读Citizen.id/position/state/role + extension.actorProfiles.age/alive；拟visualDescriptor/骨骼socket；不写模拟或碰撞,CHAR-010,所有近景发型的后片；不把左右镜像/居民实例算新model,当前已接入可复核尺寸/颜色/矩阵；后续需细体素轮廓与边缘层次，不能将现有方块视作最终美术通过
CHAR-011,现有长发延长片,现有角色程序组件,基础组件,NPC外观/人流,已集成代码生成,src/rendering/citizen-appearance.ts:46；src/renderer.ts:829,复用THREE.BoxGeometry与实例矩阵生成（粗轮廓基线）,只读Citizen.id/position/state/role + extension.actorProfiles.age/alive；拟visualDescriptor/骨骼socket；不写模拟或碰撞,CHAR-011,长发追加片；不把左右镜像/居民实例算新model,当前已接入可复核尺寸/颜色/矩阵；后续需细体素轮廓与边缘层次，不能将现有方块视作最终美术通过
CHAR-012,现有袍衣下摆,现有角色程序组件,基础组件,NPC外观/人流,已集成代码生成,src/rendering/citizen-appearance.ts:47；src/renderer.ts:829,复用THREE.BoxGeometry与实例矩阵生成（粗轮廓基线）,只读Citizen.id/position/state/role + extension.actorProfiles.age/alive；拟visualDescriptor/骨骼socket；不写模拟或碰撞,CHAR-012,乘坐时当前不显示；不把左右镜像/居民实例算新model,当前已接入可复核尺寸/颜色/矩阵；后续需细体素轮廓与边缘层次，不能将现有方块视作最终美术通过
CHAR-013,现有帽子轮廓,现有角色程序组件,基础组件,NPC外观/人流,已集成代码生成,src/rendering/citizen-appearance.ts:48；src/renderer.ts:829,复用THREE.BoxGeometry与实例矩阵生成（粗轮廓基线）,只读Citizen.id/position/state/role + extension.actorProfiles.age/alive；拟visualDescriptor/骨骼socket；不写模拟或碰撞,CHAR-013,12岁以上种子/警卫官条件；不把左右镜像/居民实例算新model,当前已接入可复核尺寸/颜色/矩阵；后续需细体素轮廓与边缘层次，不能将现有方块视作最终美术通过
CHAR-014,现有挎包轮廓,现有角色程序组件,基础组件,NPC外观/人流,已集成代码生成,src/rendering/citizen-appearance.ts:49；src/renderer.ts:829,复用THREE.BoxGeometry与实例矩阵生成（粗轮廓基线）,只读Citizen.id/position/state/role + extension.actorProfiles.age/alive；拟visualDescriptor/骨骼socket；不写模拟或碰撞,CHAR-014,6岁以上种子条件；不把左右镜像/居民实例算新model,当前已接入可复核尺寸/颜色/矩阵；后续需细体素轮廓与边缘层次，不能将现有方块视作最终美术通过
CHAR-015,现有婴幼儿合并脚块,现有角色程序组件,基础组件,NPC外观/人流,已集成代码生成,src/rendering/citizen-appearance.ts:27；src/renderer.ts:829,复用THREE.BoxGeometry与实例矩阵生成（粗轮廓基线）,只读Citizen.id/position/state/role + extension.actorProfiles.age/alive；拟visualDescriptor/骨骼socket；不写模拟或碰撞,CHAR-015,height<=0.6提前返回，无完整四肢；不把左右镜像/居民实例算新model,当前已接入可复核尺寸/颜色/矩阵；后续需细体素轮廓与边缘层次，不能将现有方块视作最终美术通过
CHAR-016,现有居民远景程序组合,现有角色LOD,组合模板,NPC人流/画质档,已集成代码生成,"src/rendering/citizen-appearance.ts:7,39,44-50,121,134；tests/citizen-appearance.test.ts:52-59",代码生成远景简化,只读Citizen.id/position/state/role + extension.actorProfiles.age/alive；拟visualDescriptor/骨骼socket；不写模拟或碰撞,CHAR-001,远景删面孔/手/发帽包等细节并用整腿；按quality距离切换，不产生独立人物,近远同位置/朝向/年龄轮廓；当前存在不代表最终LOD美术通过
CHAR-017,现有0至不足2岁身高档,现有年龄尺寸,配色尺寸变体,NPC生育/成长,已集成代码生成,"src/rendering/citizen-appearance.ts:15,20,24-27；tests/citizen-appearance.test.ts:17-18",参数化程序尺寸,只读Citizen.id/position/state/role + extension.actorProfiles.age/alive；拟visualDescriptor/骨骼socket；不写模拟或碰撞,CHAR-001,"age区间[0,2)使用height=0.6m；同组合派生，非新增model",年龄读权威profile；当前身高阶梯须保留，最终老幼比例不能只靠整体缩放
CHAR-018,现有2至不足6岁身高档,现有年龄尺寸,配色尺寸变体,NPC生育/成长,已集成代码生成,"src/rendering/citizen-appearance.ts:15,20,24-27；tests/citizen-appearance.test.ts:17-18",参数化程序尺寸,只读Citizen.id/position/state/role + extension.actorProfiles.age/alive；拟visualDescriptor/骨骼socket；不写模拟或碰撞,CHAR-001,"age区间[2,6)使用height=1m；同组合派生，非新增model",年龄读权威profile；当前身高阶梯须保留，最终老幼比例不能只靠整体缩放
CHAR-019,现有6至不足12岁身高档,现有年龄尺寸,配色尺寸变体,NPC生育/成长,已集成代码生成,"src/rendering/citizen-appearance.ts:15,20,24-27；tests/citizen-appearance.test.ts:17-18",参数化程序尺寸,只读Citizen.id/position/state/role + extension.actorProfiles.age/alive；拟visualDescriptor/骨骼socket；不写模拟或碰撞,CHAR-001,"age区间[6,12)使用height=1.2m；同组合派生，非新增model",年龄读权威profile；当前身高阶梯须保留，最终老幼比例不能只靠整体缩放
CHAR-020,现有12至不足18岁身高档,现有年龄尺寸,配色尺寸变体,NPC生育/成长,已集成代码生成,"src/rendering/citizen-appearance.ts:15,20,24-27；tests/citizen-appearance.test.ts:17-18",参数化程序尺寸,只读Citizen.id/position/state/role + extension.actorProfiles.age/alive；拟visualDescriptor/骨骼socket；不写模拟或碰撞,CHAR-001,"age区间[12,18)使用height=1.6m；同组合派生，非新增model",年龄读权威profile；当前身高阶梯须保留，最终老幼比例不能只靠整体缩放
CHAR-021,现有18岁以上身高档,现有年龄尺寸,配色尺寸变体,NPC生育/成长,已集成代码生成,"src/rendering/citizen-appearance.ts:15,20,24-27；tests/citizen-appearance.test.ts:17-18",参数化程序尺寸,只读Citizen.id/position/state/role + extension.actorProfiles.age/alive；拟visualDescriptor/骨骼socket；不写模拟或碰撞,CHAR-001,"age区间[18,140)使用height=1.8m；同组合派生，非新增model",年龄读权威profile；当前身高阶梯须保留，最终老幼比例不能只靠整体缩放
CHAR-022,现有衣领襟带纽扣织纹shader,现有衣饰材质,材质贴图,居民袍/夹衣,已集成代码生成,src/rendering/citizen-appearance.ts:104-112,程序shader纹理，无外部材质贴图,只读Citizen.id/position/state/role + extension.actorProfiles.age/alive；拟visualDescriptor/骨骼socket；不写模拟或碰撞,CHAR-022,garment1夹衣/2袍衣共享参数纹理,保留已实现衣纹事实；须近景检查领襟带是否可辨，不能冒称已具有完整布料材质
CHAR-023,现有六格年龄情绪面孔图集,现有面孔材质,材质贴图,NPC年龄/情绪,已集成代码生成,"src/rendering/citizen-appearance.ts:55-70,95-103,138；tests/citizen-appearance.test.ts:21-36",192×16 RGBA程序DataTexture（单共享图集）,只读Citizen.id/position/state/role + extension.actorProfiles.age/alive；拟visualDescriptor/骨骼socket；不写模拟或碰撞,CHAR-023,一个图集，六格选择；不把六格计六个脸model,清楚区分年龄/紧张格；近景像素/灰鬓仍须美术验收，图集存在不算精细表情完成
CHAR-024,现有成人平静脸格,现有面孔变体,配色尺寸变体,年龄/心理情绪,已集成代码生成,"src/rendering/citizen-appearance.ts:58-66,70,138",共享面孔图集索引,只读Citizen.id/position/state/role + extension.actorProfiles.age/alive；拟visualDescriptor/骨骼socket；不写模拟或碰撞,CHAR-023,图集格0；age>=62老年、age<18儿童；mood<35或stress>70选紧张半组,仅图集派生格；不宣称复杂脸部绑定、喜怒哀乐动画或成熟年龄造型
CHAR-025,现有老年平静脸格,现有面孔变体,配色尺寸变体,年龄/心理情绪,已集成代码生成,"src/rendering/citizen-appearance.ts:58-66,70,138",共享面孔图集索引,只读Citizen.id/position/state/role + extension.actorProfiles.age/alive；拟visualDescriptor/骨骼socket；不写模拟或碰撞,CHAR-023,图集格1；age>=62老年、age<18儿童；mood<35或stress>70选紧张半组,仅图集派生格；不宣称复杂脸部绑定、喜怒哀乐动画或成熟年龄造型
CHAR-026,现有儿童平静脸格,现有面孔变体,配色尺寸变体,年龄/心理情绪,已集成代码生成,"src/rendering/citizen-appearance.ts:58-66,70,138",共享面孔图集索引,只读Citizen.id/position/state/role + extension.actorProfiles.age/alive；拟visualDescriptor/骨骼socket；不写模拟或碰撞,CHAR-023,图集格2；age>=62老年、age<18儿童；mood<35或stress>70选紧张半组,仅图集派生格；不宣称复杂脸部绑定、喜怒哀乐动画或成熟年龄造型
CHAR-027,现有成人紧张脸格,现有面孔变体,配色尺寸变体,年龄/心理情绪,已集成代码生成,"src/rendering/citizen-appearance.ts:58-66,70,138",共享面孔图集索引,只读Citizen.id/position/state/role + extension.actorProfiles.age/alive；拟visualDescriptor/骨骼socket；不写模拟或碰撞,CHAR-023,图集格3；age>=62老年、age<18儿童；mood<35或stress>70选紧张半组,仅图集派生格；不宣称复杂脸部绑定、喜怒哀乐动画或成熟年龄造型
CHAR-028,现有老年紧张脸格,现有面孔变体,配色尺寸变体,年龄/心理情绪,已集成代码生成,"src/rendering/citizen-appearance.ts:58-66,70,138",共享面孔图集索引,只读Citizen.id/position/state/role + extension.actorProfiles.age/alive；拟visualDescriptor/骨骼socket；不写模拟或碰撞,CHAR-023,图集格4；age>=62老年、age<18儿童；mood<35或stress>70选紧张半组,仅图集派生格；不宣称复杂脸部绑定、喜怒哀乐动画或成熟年龄造型
CHAR-029,现有儿童紧张脸格,现有面孔变体,配色尺寸变体,年龄/心理情绪,已集成代码生成,"src/rendering/citizen-appearance.ts:58-66,70,138",共享面孔图集索引,只读Citizen.id/position/state/role + extension.actorProfiles.age/alive；拟visualDescriptor/骨骼socket；不写模拟或碰撞,CHAR-023,图集格5；age>=62老年、age<18儿童；mood<35或stress>70选紧张半组,仅图集派生格；不宣称复杂脸部绑定、喜怒哀乐动画或成熟年龄造型
CHAR-030,现有浅暖肤配色,现有角色配色,配色尺寸变体,居民视觉多样性,已集成代码生成,"src/rendering/citizen-appearance.ts:11,21,26,42",实例颜色参数,只读Citizen.id/position/state/role + extension.actorProfiles.age/alive；拟visualDescriptor/骨骼socket；不写模拟或碰撞,CHAR-001,seed%5索引0，色值#d6b391；不是生物身份或新model,不同肤色保持一致面孔/手部；同光照下有可辨色差
CHAR-031,现有暖中肤配色,现有角色配色,配色尺寸变体,居民视觉多样性,已集成代码生成,"src/rendering/citizen-appearance.ts:11,21,26,42",实例颜色参数,只读Citizen.id/position/state/role + extension.actorProfiles.age/alive；拟visualDescriptor/骨骼socket；不写模拟或碰撞,CHAR-001,seed%5索引1，色值#c89e7d；不是生物身份或新model,不同肤色保持一致面孔/手部；同光照下有可辨色差
CHAR-032,现有棕中肤配色,现有角色配色,配色尺寸变体,居民视觉多样性,已集成代码生成,"src/rendering/citizen-appearance.ts:11,21,26,42",实例颜色参数,只读Citizen.id/position/state/role + extension.actorProfiles.age/alive；拟visualDescriptor/骨骼socket；不写模拟或碰撞,CHAR-001,seed%5索引2，色值#b98b69；不是生物身份或新model,不同肤色保持一致面孔/手部；同光照下有可辨色差
CHAR-033,现有浅桃肤配色,现有角色配色,配色尺寸变体,居民视觉多样性,已集成代码生成,"src/rendering/citizen-appearance.ts:11,21,26,42",实例颜色参数,只读Citizen.id/position/state/role + extension.actorProfiles.age/alive；拟visualDescriptor/骨骼socket；不写模拟或碰撞,CHAR-001,seed%5索引3，色值#e4c3a3；不是生物身份或新model,不同肤色保持一致面孔/手部；同光照下有可辨色差
CHAR-034,现有深暖肤配色,现有角色配色,配色尺寸变体,居民视觉多样性,已集成代码生成,"src/rendering/citizen-appearance.ts:11,21,26,42",实例颜色参数,只读Citizen.id/position/state/role + extension.actorProfiles.age/alive；拟visualDescriptor/骨骼socket；不写模拟或碰撞,CHAR-001,seed%5索引4，色值#b77d5b；不是生物身份或新model,不同肤色保持一致面孔/手部；同光照下有可辨色差
CHAR-035,现有深青外衣配色,现有衣饰配色,配色尺寸变体,居民视觉多样性,已集成代码生成,"src/rendering/citizen-appearance.ts:12,22",稳定种子实例配色,只读Citizen.id/position/state/role + extension.actorProfiles.age/alive；拟visualDescriptor/骨骼socket；不写模拟或碰撞,CHAR-002,coat数组索引0=#365d5b；换色不新增模型,当前明确存在；最终材质/缝线/污损不能靠换色代替
CHAR-036,现有青灰外衣配色,现有衣饰配色,配色尺寸变体,居民视觉多样性,已集成代码生成,"src/rendering/citizen-appearance.ts:12,22",稳定种子实例配色,只读Citizen.id/position/state/role + extension.actorProfiles.age/alive；拟visualDescriptor/骨骼socket；不写模拟或碰撞,CHAR-002,coat数组索引1=#688478；换色不新增模型,当前明确存在；最终材质/缝线/污损不能靠换色代替
CHAR-037,现有靛灰外衣配色,现有衣饰配色,配色尺寸变体,居民视觉多样性,已集成代码生成,"src/rendering/citizen-appearance.ts:12,22",稳定种子实例配色,只读Citizen.id/position/state/role + extension.actorProfiles.age/alive；拟visualDescriptor/骨骼socket；不写模拟或碰撞,CHAR-002,coat数组索引2=#47617e；换色不新增模型,当前明确存在；最终材质/缝线/污损不能靠换色代替
CHAR-038,现有褐外衣配色,现有衣饰配色,配色尺寸变体,居民视觉多样性,已集成代码生成,"src/rendering/citizen-appearance.ts:12,22",稳定种子实例配色,只读Citizen.id/position/state/role + extension.actorProfiles.age/alive；拟visualDescriptor/骨骼socket；不写模拟或碰撞,CHAR-002,coat数组索引3=#8b6956；换色不新增模型,当前明确存在；最终材质/缝线/污损不能靠换色代替
CHAR-039,现有黄褐外衣配色,现有衣饰配色,配色尺寸变体,居民视觉多样性,已集成代码生成,"src/rendering/citizen-appearance.ts:12,22",稳定种子实例配色,只读Citizen.id/position/state/role + extension.actorProfiles.age/alive；拟visualDescriptor/骨骼socket；不写模拟或碰撞,CHAR-002,coat数组索引4=#a98563；换色不新增模型,当前明确存在；最终材质/缝线/污损不能靠换色代替
CHAR-040,现有米褐外衣配色,现有衣饰配色,配色尺寸变体,居民视觉多样性,已集成代码生成,"src/rendering/citizen-appearance.ts:12,22",稳定种子实例配色,只读Citizen.id/position/state/role + extension.actorProfiles.age/alive；拟visualDescriptor/骨骼socket；不写模拟或碰撞,CHAR-002,coat数组索引5=#b49a72；换色不新增模型,当前明确存在；最终材质/缝线/污损不能靠换色代替
CHAR-041,现有灰蓝外衣配色,现有衣饰配色,配色尺寸变体,居民视觉多样性,已集成代码生成,"src/rendering/citizen-appearance.ts:12,22",稳定种子实例配色,只读Citizen.id/position/state/role + extension.actorProfiles.age/alive；拟visualDescriptor/骨骼socket；不写模拟或碰撞,CHAR-002,coat数组索引6=#6e7680；换色不新增模型,当前明确存在；最终材质/缝线/污损不能靠换色代替
CHAR-042,现有灰紫外衣配色,现有衣饰配色,配色尺寸变体,居民视觉多样性,已集成代码生成,"src/rendering/citizen-appearance.ts:12,22",稳定种子实例配色,只读Citizen.id/position/state/role + extension.actorProfiles.age/alive；拟visualDescriptor/骨骼socket；不写模拟或碰撞,CHAR-002,coat数组索引7=#78617e；换色不新增模型,当前明确存在；最终材质/缝线/污损不能靠换色代替
CHAR-043,现有墨绿裤装配色,现有衣饰配色,配色尺寸变体,居民视觉多样性,已集成代码生成,"src/rendering/citizen-appearance.ts:13,22",稳定种子实例配色,只读Citizen.id/position/state/role + extension.actorProfiles.age/alive；拟visualDescriptor/骨骼socket；不写模拟或碰撞,CHAR-004,pants数组索引0=#3c4844；换色不新增模型,当前明确存在；最终材质/缝线/污损不能靠换色代替
CHAR-044,现有深灰蓝裤装配色,现有衣饰配色,配色尺寸变体,居民视觉多样性,已集成代码生成,"src/rendering/citizen-appearance.ts:13,22",稳定种子实例配色,只读Citizen.id/position/state/role + extension.actorProfiles.age/alive；拟visualDescriptor/骨骼socket；不写模拟或碰撞,CHAR-004,pants数组索引1=#4b505c；换色不新增模型,当前明确存在；最终材质/缝线/污损不能靠换色代替
CHAR-045,现有灰褐裤装配色,现有衣饰配色,配色尺寸变体,居民视觉多样性,已集成代码生成,"src/rendering/citizen-appearance.ts:13,22",稳定种子实例配色,只读Citizen.id/position/state/role + extension.actorProfiles.age/alive；拟visualDescriptor/骨骼socket；不写模拟或碰撞,CHAR-004,pants数组索引2=#61574e；换色不新增模型,当前明确存在；最终材质/缝线/污损不能靠换色代替
CHAR-046,现有墨紫灰裤装配色,现有衣饰配色,配色尺寸变体,居民视觉多样性,已集成代码生成,"src/rendering/citizen-appearance.ts:13,22",稳定种子实例配色,只读Citizen.id/position/state/role + extension.actorProfiles.age/alive；拟visualDescriptor/骨骼socket；不写模拟或碰撞,CHAR-004,pants数组索引3=#40434f；换色不新增模型,当前明确存在；最终材质/缝线/污损不能靠换色代替
CHAR-047,现有深色发配色,现有发色,配色尺寸变体,NPC衰老/稳定外观,已集成代码生成,"src/rendering/citizen-appearance.ts:21,45-46",年龄/种子颜色参数,只读Citizen.id/position/state/role + extension.actorProfiles.age/alive；拟visualDescriptor/骨骼socket；不写模拟或碰撞,CHAR-010,发片颜色#2e302c；灰发age>=62，不生成新发型,与面孔老年灰鬓一致；灰色存在不代表老年形体细节完成
CHAR-048,现有棕发配色,现有发色,配色尺寸变体,NPC衰老/稳定外观,已集成代码生成,"src/rendering/citizen-appearance.ts:21,45-46",年龄/种子颜色参数,只读Citizen.id/position/state/role + extension.actorProfiles.age/alive；拟visualDescriptor/骨骼socket；不写模拟或碰撞,CHAR-010,发片颜色#5b4538；灰发age>=62，不生成新发型,与面孔老年灰鬓一致；灰色存在不代表老年形体细节完成
CHAR-049,现有62岁以上灰发配色,现有发色,配色尺寸变体,NPC衰老/稳定外观,已集成代码生成,"src/rendering/citizen-appearance.ts:21,45-46",年龄/种子颜色参数,只读Citizen.id/position/state/role + extension.actorProfiles.age/alive；拟visualDescriptor/骨骼socket；不写模拟或碰撞,CHAR-010,发片颜色#92938d；灰发age>=62，不生成新发型,与面孔老年灰鬓一致；灰色存在不代表老年形体细节完成
CHAR-050,现有警察衣帽配色,现有职业配色,配色尺寸变体,职业身份,已集成代码生成,"src/rendering/citizen-appearance.ts:20,22,48",role正则配色/帽条件,只读Citizen.id/position/state/role + extension.actorProfiles.age/alive；拟visualDescriptor/骨骼socket；不写模拟或碰撞,CHAR-002,role匹配警|police取#546d85；不是完整独立制服/职业人model,职业视觉当前仅色/帽区别；未来制服须有剪裁、标识与装备的形体差异
CHAR-051,现有守卫士兵衣配色,现有职业配色,配色尺寸变体,职业身份,已集成代码生成,"src/rendering/citizen-appearance.ts:20,22,48",role正则配色/帽条件,只读Citizen.id/position/state/role + extension.actorProfiles.age/alive；拟visualDescriptor/骨骼socket；不写模拟或碰撞,CHAR-002,role匹配卫|soldier取#69785c；不是完整独立制服/职业人model,职业视觉当前仅色/帽区别；未来制服须有剪裁、标识与装备的形体差异
CHAR-052,现有教师衣配色,现有职业配色,配色尺寸变体,职业身份,已集成代码生成,"src/rendering/citizen-appearance.ts:20,22,48",role正则配色/帽条件,只读Citizen.id/position/state/role + extension.actorProfiles.age/alive；拟visualDescriptor/骨骼socket；不写模拟或碰撞,CHAR-002,role匹配师|teacher取#7b977d；不是完整独立制服/职业人model,职业视觉当前仅色/帽区别；未来制服须有剪裁、标识与装备的形体差异
CHAR-053,现有商人衣配色,现有职业配色,配色尺寸变体,职业身份,已集成代码生成,"src/rendering/citizen-appearance.ts:20,22,48",role正则配色/帽条件,只读Citizen.id/position/state/role + extension.actorProfiles.age/alive；拟visualDescriptor/骨骼socket；不写模拟或碰撞,CHAR-002,role匹配商|merchant取#a87d50；不是完整独立制服/职业人model,职业视觉当前仅色/帽区别；未来制服须有剪裁、标识与装备的形体差异
CHAR-054,现有居民静态站姿,现有程序姿态,动画特效,人物移动/交通/死亡,已集成代码生成,"src/rendering/citizen-appearance.ts:28-42；tests/citizen-appearance.test.ts:40-49,62-69",无骨骼的实例矩阵姿态生成,只读权威活动/位置差/暂停、角色朝向；拟动画状态适配器/接触点；不得以动画驱动资金、身体路线或时间,CHAR-001,非walking/seated/dead时摆肢量0；不是骨骼动画model,保留现有可观察姿态；不称上车/落座/离车/死亡过渡成熟动画已做
CHAR-055,现有位移驱动摆肢步态,现有程序姿态,动画特效,人物移动/交通/死亡,已集成代码生成,"src/rendering/citizen-appearance.ts:28-42,127-132；tests/citizen-appearance.test.ts:40-49,62-69",无骨骼的实例矩阵姿态生成,只读权威活动/位置差/暂停、角色朝向；拟动画状态适配器/接触点；不得以动画驱动资金、身体路线或时间,CHAR-001,仅state=moving；travel*PI/1.1推进phase，暂停不推进；不是骨骼动画model,保留现有可观察姿态；不称上车/落座/离车/死亡过渡成熟动画已做
CHAR-056,现有乘客坐姿,现有程序姿态,动画特效,人物移动/交通/死亡,已集成代码生成,"src/rendering/citizen-appearance.ts:30,36,40,128；tests/citizen-appearance.test.ts:40-49,62-69",无骨骼的实例矩阵姿态生成,只读权威活动/位置差/暂停、角色朝向；拟动画状态适配器/接触点；不得以动画驱动资金、身体路线或时间,CHAR-001,state=riding大腿转-PI/2、小腿垂直、臂-.7；不是骨骼动画model,保留现有可观察姿态；不称上车/落座/离车/死亡过渡成熟动画已做
CHAR-057,现有死亡平躺变换,现有程序姿态,动画特效,人物移动/交通/死亡,已集成代码生成,"src/rendering/citizen-appearance.ts:125,133-143；tests/citizen-appearance.test.ts:40-49,62-69",无骨骼的实例矩阵姿态生成,只读权威活动/位置差/暂停、角色朝向；拟动画状态适配器/接触点；不得以动画驱动资金、身体路线或时间,CHAR-001,原位置躯干/四肢整体转PI/2，无死亡动作clip；不是骨骼动画model,保留现有可观察姿态；不称上车/落座/离车/死亡过渡成熟动画已做
CHAR-058,现有葬礼完成后的遗体隐藏表现,现有生命呈现,动画特效,家庭葬礼/死亡,已集成代码生成,"src/rendering/citizen-appearance.ts:122,133；src/simulation/family.ts:448-461；tests/citizen-appearance.test.ts:68-69",只读完成仪式后不提交该居民绘制,只读权威活动/位置差/暂停、角色朝向；拟动画状态适配器/接触点；不得以动画驱动资金、身体路线或时间,CHAR-057,family.ceremonies.kind=funeral且completedAt非null；不视为已具有棺葬物件/葬礼动画,亡者原状态/位置不改；未完成葬礼仍可见，完成后隐藏；仪式视觉仍待制
CHAR-059,精细体素成年人体母版A（直线肩胯）,精细角色母版,基础组件,玩家/NPC通用身体,缺失待制,"提示词.md:57-65,171；src/rendering/citizen-appearance.ts:19-51（当前部件封闭清单未含本精细组件）",先单件细体素概念图与尺度核形，再Tripo图生视觉件候选/手工体素建模；离线验GLB、硬边、平面法线与5cm细格，不改0.2m玩法网格,只读Citizen.id/position/state/role + extension.actorProfiles.age/alive；拟visualDescriptor/骨骼socket；不写模拟或碰撞,CHAR-059,独立形体母版；配色、年龄与穿搭另派生，不按实例数计件,近景有可辨的细体素轮廓、五官/拼接层次；5cm细格与硬边法线，无粗大方块替代；米制原点/朝向一致，绑定与LOD同形；不改受保护身体净空；体型为外观选择，不从服饰推断性别/身份
CHAR-060,精细体素成年人体母版B（圆柔肩胯）,精细角色母版,基础组件,玩家/NPC通用身体,缺失待制,"提示词.md:57-65,171；src/rendering/citizen-appearance.ts:19-51（当前部件封闭清单未含本精细组件）",先单件细体素概念图与尺度核形，再Tripo图生视觉件候选/手工体素建模；离线验GLB、硬边、平面法线与5cm细格，不改0.2m玩法网格,只读Citizen.id/position/state/role + extension.actorProfiles.age/alive；拟visualDescriptor/骨骼socket；不写模拟或碰撞,CHAR-060,独立形体母版；配色、年龄与穿搭另派生，不按实例数计件,近景有可辨的细体素轮廓、五官/拼接层次；5cm细格与硬边法线，无粗大方块替代；米制原点/朝向一致，绑定与LOD同形；不改受保护身体净空；体型为外观选择，不从服饰推断性别/身份
CHAR-061,精细体素婴儿身体母版,精细角色母版,基础组件,出生/照护,缺失待制,"提示词.md:75；src/simulation/family.ts:14-32,376-443；src/rendering/citizen-appearance.ts:15,20-21（生命数据已存在，非精细造型资产）",先单件细体素概念图与尺度核形，再Tripo图生视觉件候选/手工体素建模；离线验GLB、硬边、平面法线与5cm细格，不改0.2m玩法网格,只读Citizen.id/position/state/role + extension.actorProfiles.age/alive；拟visualDescriptor/骨骼socket；不写模拟或碰撞,CHAR-061,独立形体母版；配色、年龄与穿搭另派生，不按实例数计件,近景有可辨的细体素轮廓、五官/拼接层次；5cm细格与硬边法线，无粗大方块替代；米制原点/朝向一致，绑定与LOD同形；不改受保护身体净空；体型为外观选择，不从服饰推断性别/身份
CHAR-062,精细体素学龄前身体母版,精细角色母版,基础组件,幼儿成长/照护,缺失待制,"提示词.md:75；src/simulation/family.ts:14-32,376-443；src/rendering/citizen-appearance.ts:15,20-21（生命数据已存在，非精细造型资产）",先单件细体素概念图与尺度核形，再Tripo图生视觉件候选/手工体素建模；离线验GLB、硬边、平面法线与5cm细格，不改0.2m玩法网格,只读Citizen.id/position/state/role + extension.actorProfiles.age/alive；拟visualDescriptor/骨骼socket；不写模拟或碰撞,CHAR-062,独立形体母版；配色、年龄与穿搭另派生，不按实例数计件,近景有可辨的细体素轮廓、五官/拼接层次；5cm细格与硬边法线，无粗大方块替代；米制原点/朝向一致，绑定与LOD同形；不改受保护身体净空；体型为外观选择，不从服饰推断性别/身份
CHAR-063,精细体素学龄儿童身体母版,精细角色母版,基础组件,学堂/家庭,缺失待制,"提示词.md:75；src/simulation/family.ts:14-32,376-443；src/rendering/citizen-appearance.ts:15,20-21（生命数据已存在，非精细造型资产）",先单件细体素概念图与尺度核形，再Tripo图生视觉件候选/手工体素建模；离线验GLB、硬边、平面法线与5cm细格，不改0.2m玩法网格,只读Citizen.id/position/state/role + extension.actorProfiles.age/alive；拟visualDescriptor/骨骼socket；不写模拟或碰撞,CHAR-063,独立形体母版；配色、年龄与穿搭另派生，不按实例数计件,近景有可辨的细体素轮廓、五官/拼接层次；5cm细格与硬边法线，无粗大方块替代；米制原点/朝向一致，绑定与LOD同形；不改受保护身体净空；体型为外观选择，不从服饰推断性别/身份
CHAR-064,精细体素青少年身体母版,精细角色母版,基础组件,教育/成年过渡,缺失待制,"提示词.md:75；src/simulation/family.ts:14-32,376-443；src/rendering/citizen-appearance.ts:15,20-21（生命数据已存在，非精细造型资产）",先单件细体素概念图与尺度核形，再Tripo图生视觉件候选/手工体素建模；离线验GLB、硬边、平面法线与5cm细格，不改0.2m玩法网格,只读Citizen.id/position/state/role + extension.actorProfiles.age/alive；拟visualDescriptor/骨骼socket；不写模拟或碰撞,CHAR-064,独立形体母版；配色、年龄与穿搭另派生，不按实例数计件,近景有可辨的细体素轮廓、五官/拼接层次；5cm细格与硬边法线，无粗大方块替代；米制原点/朝向一致，绑定与LOD同形；不改受保护身体净空；体型为外观选择，不从服饰推断性别/身份
CHAR-065,精细体素老年身体母版,精细角色母版,基础组件,衰老/医护,缺失待制,"src/rendering/citizen-appearance.ts:15,21,70；src/simulation/extensions.ts:149-155（现仅灰发/老脸，没有老人体态）",先单件细体素概念图与尺度核形，再Tripo图生视觉件候选/手工体素建模；离线验GLB、硬边、平面法线与5cm细格，不改0.2m玩法网格,只读Citizen.id/position/state/role + extension.actorProfiles.age/alive；拟visualDescriptor/骨骼socket；不写模拟或碰撞,CHAR-065,独立形体母版；配色、年龄与穿搭另派生，不按实例数计件,近景有可辨的细体素轮廓、五官/拼接层次；5cm细格与硬边法线，无粗大方块替代；米制原点/朝向一致，绑定与LOD同形；不改受保护身体净空；体型为外观选择，不从服饰推断性别/身份
CHAR-066,精细成年头部母版,精细角色母版,基础组件,五官/发饰挂点,缺失待制,"提示词.md:57-65,171；src/rendering/citizen-appearance.ts:19-51（当前部件封闭清单未含本精细组件）",先单件细体素概念图与尺度核形，再Tripo图生视觉件候选/手工体素建模；离线验GLB、硬边、平面法线与5cm细格，不改0.2m玩法网格,只读Citizen.id/position/state/role + extension.actorProfiles.age/alive；拟visualDescriptor/骨骼socket；不写模拟或碰撞,CHAR-066,独立形体母版；配色、年龄与穿搭另派生，不按实例数计件,近景有可辨的细体素轮廓、五官/拼接层次；5cm细格与硬边法线，无粗大方块替代；米制原点/朝向一致，绑定与LOD同形；不改受保护身体净空；体型为外观选择，不从服饰推断性别/身份
CHAR-067,精细婴幼儿头部母版,精细角色母版,基础组件,照护/年龄比例,缺失待制,"提示词.md:75；src/simulation/family.ts:14-32,376-443；src/rendering/citizen-appearance.ts:15,20-21（生命数据已存在，非精细造型资产）",先单件细体素概念图与尺度核形，再Tripo图生视觉件候选/手工体素建模；离线验GLB、硬边、平面法线与5cm细格，不改0.2m玩法网格,只读Citizen.id/position/state/role + extension.actorProfiles.age/alive；拟visualDescriptor/骨骼socket；不写模拟或碰撞,CHAR-067,独立形体母版；配色、年龄与穿搭另派生，不按实例数计件,近景有可辨的细体素轮廓、五官/拼接层次；5cm细格与硬边法线，无粗大方块替代；米制原点/朝向一致，绑定与LOD同形；不改受保护身体净空；体型为外观选择，不从服饰推断性别/身份
CHAR-068,精细儿童头部母版,精细角色母版,基础组件,儿童面孔,缺失待制,"提示词.md:75；src/simulation/family.ts:14-32,376-443；src/rendering/citizen-appearance.ts:15,20-21（生命数据已存在，非精细造型资产）",先单件细体素概念图与尺度核形，再Tripo图生视觉件候选/手工体素建模；离线验GLB、硬边、平面法线与5cm细格，不改0.2m玩法网格,只读Citizen.id/position/state/role + extension.actorProfiles.age/alive；拟visualDescriptor/骨骼socket；不写模拟或碰撞,CHAR-068,独立形体母版；配色、年龄与穿搭另派生，不按实例数计件,近景有可辨的细体素轮廓、五官/拼接层次；5cm细格与硬边法线，无粗大方块替代；米制原点/朝向一致，绑定与LOD同形；不改受保护身体净空；体型为外观选择，不从服饰推断性别/身份
CHAR-069,精细老年头部母版,精细角色母版,基础组件,衰老面孔,缺失待制,"src/rendering/citizen-appearance.ts:26,55-70（现有老脸图集但统一头块）",先单件细体素概念图与尺度核形，再Tripo图生视觉件候选/手工体素建模；离线验GLB、硬边、平面法线与5cm细格，不改0.2m玩法网格,只读Citizen.id/position/state/role + extension.actorProfiles.age/alive；拟visualDescriptor/骨骼socket；不写模拟或碰撞,CHAR-069,独立形体母版；配色、年龄与穿搭另派生，不按实例数计件,近景有可辨的细体素轮廓、五官/拼接层次；5cm细格与硬边法线，无粗大方块替代；米制原点/朝向一致，绑定与LOD同形；不改受保护身体净空；体型为外观选择，不从服饰推断性别/身份
CHAR-070,精细体素可握持手母版,精细角色母版,基础组件,玩家/NPC手部socket,缺失待制,src/rendering/citizen-appearance.ts:42（现仅0.2m块手）；提示词.md:65,先单件细体素概念图与尺度核形，再Tripo图生视觉件候选/手工体素建模；离线验GLB、硬边、平面法线与5cm细格，不改0.2m玩法网格,只读Citizen.id/position/state/role + extension.actorProfiles.age/alive；拟visualDescriptor/骨骼socket；不写模拟或碰撞,CHAR-070,独立形体母版；配色、年龄与穿搭另派生，不按实例数计件,近景有可辨的细体素轮廓、五官/拼接层次；5cm细格与硬边法线，无粗大方块替代；米制原点/朝向一致，绑定与LOD同形；不改受保护身体净空；体型为外观选择，不从服饰推断性别/身份
CHAR-071,精细体素裸足母版,精细角色母版,基础组件,睡眠/居家/衣鞋更换,缺失待制,"提示词.md:57-65,171；src/rendering/citizen-appearance.ts:19-51（当前部件封闭清单未含本精细组件）",先单件细体素概念图与尺度核形，再Tripo图生视觉件候选/手工体素建模；离线验GLB、硬边、平面法线与5cm细格，不改0.2m玩法网格,只读Citizen.id/position/state/role + extension.actorProfiles.age/alive；拟visualDescriptor/骨骼socket；不写模拟或碰撞,CHAR-071,独立形体母版；配色、年龄与穿搭另派生，不按实例数计件,近景有可辨的细体素轮廓、五官/拼接层次；5cm细格与硬边法线，无粗大方块替代；米制原点/朝向一致，绑定与LOD同形；不改受保护身体净空；体型为外观选择，不从服饰推断性别/身份
CHAR-072,孕期腹部造型替换件,精细角色母版,基础组件,孕期/生命周期,缺失待制,"src/simulation/family.ts:14-21,181,376-388；src/rendering/citizen-appearance.ts:19-51（Pregnancy已存，外观未读）",先单件细体素概念图与尺度核形，再Tripo图生视觉件候选/手工体素建模；离线验GLB、硬边、平面法线与5cm细格，不改0.2m玩法网格,只读Citizen.id/position/state/role + extension.actorProfiles.age/alive；拟visualDescriptor/骨骼socket；不写模拟或碰撞,CHAR-072,独立形体母版；配色、年龄与穿搭另派生，不按实例数计件,近景有可辨的细体素轮廓、五官/拼接层次；5cm细格与硬边法线，无粗大方块替代；米制原点/朝向一致，绑定与LOD同形；不改受保护身体净空；体型为外观选择，不从服饰推断性别/身份
CHAR-073,通用人体骨骼与手足挂点母版,精细角色母版,基础组件,人形动作/衣装重定向,缺失待制,"src/rendering/citizen-appearance.ts:5,77-83,140-144（现为BoxGeometry矩阵，无Skeleton/SkinnedMesh）",统一手工绑定与socket规范；先单件细体素概念图与尺度核形，再Tripo图生视觉件候选/手工体素建模；离线验GLB、硬边、平面法线与5cm细格，不改0.2m玩法网格,只读Citizen.id/position/state/role + extension.actorProfiles.age/alive；拟visualDescriptor/骨骼socket；不写模拟或碰撞,CHAR-073,独立形体母版；配色、年龄与穿搭另派生，不按实例数计件,近景有可辨的细体素轮廓、五官/拼接层次；5cm细格与硬边法线，无粗大方块替代；米制原点/朝向一致，绑定与LOD同形；不改受保护身体净空；体型为外观选择，不从服饰推断性别/身份
CHAR-074,儿童比例人体骨骼母版,精细角色母版,基础组件,儿童/照护动作,缺失待制,"提示词.md:75；src/simulation/family.ts:14-32,376-443；src/rendering/citizen-appearance.ts:15,20-21（生命数据已存在，非精细造型资产）",统一手工绑定与socket规范；先单件细体素概念图与尺度核形，再Tripo图生视觉件候选/手工体素建模；离线验GLB、硬边、平面法线与5cm细格，不改0.2m玩法网格,只读Citizen.id/position/state/role + extension.actorProfiles.age/alive；拟visualDescriptor/骨骼socket；不写模拟或碰撞,CHAR-074,独立形体母版；配色、年龄与穿搭另派生，不按实例数计件,近景有可辨的细体素轮廓、五官/拼接层次；5cm细格与硬边法线，无粗大方块替代；米制原点/朝向一致，绑定与LOD同形；不改受保护身体净空；体型为外观选择，不从服饰推断性别/身份
CHAR-075,玩家第一人称双手前臂母版,精细角色母版,基础组件,玩家持物/交互,缺失待制,"src/types.ts:29；src/controller.ts:13,119；src/rendering/citizen-appearance.ts:124（只遍历citizens，不绘player身体）",先单件细体素概念图与尺度核形，再Tripo图生视觉件候选/手工体素建模；离线验GLB、硬边、平面法线与5cm细格，不改0.2m玩法网格,只读Citizen.id/position/state/role + extension.actorProfiles.age/alive；拟visualDescriptor/骨骼socket；不写模拟或碰撞,CHAR-075,独立形体母版；配色、年龄与穿搭另派生，不按实例数计件,近景有可辨的细体素轮廓、五官/拼接层次；5cm细格与硬边法线，无粗大方块替代；米制原点/朝向一致，绑定与LOD同形；不改受保护身体净空；体型为外观选择，不从服饰推断性别/身份
CHAR-076,成年人瘦体型,角色体型年龄派生,配色尺寸变体,生命成长/视觉多样性,缺失待制,"提示词.md:75；src/simulation/family.ts:14-32,376-443；src/rendering/citizen-appearance.ts:15,20-21（生命数据已存在，非精细造型资产）",受控局部参数与统一材质派生,只读Citizen.id/position/state/role + extension.actorProfiles.age/alive；拟visualDescriptor/骨骼socket；不写模拟或碰撞,CHAR-059,局部肩/腰/四肢比例派生，不整体随机缩放,近景有可辨的细体素轮廓、五官/拼接层次；5cm细格与硬边法线，无粗大方块替代；米制原点/朝向一致，绑定与LOD同形；不改受保护身体净空；派生不另算独立模型
CHAR-077,成年人丰体型,角色体型年龄派生,配色尺寸变体,生命成长/视觉多样性,缺失待制,"提示词.md:75；src/simulation/family.ts:14-32,376-443；src/rendering/citizen-appearance.ts:15,20-21（生命数据已存在，非精细造型资产）",受控局部参数与统一材质派生,只读Citizen.id/position/state/role + extension.actorProfiles.age/alive；拟visualDescriptor/骨骼socket；不写模拟或碰撞,CHAR-060,局部腰腹/肢围派生，衣装仍贴合,近景有可辨的细体素轮廓、五官/拼接层次；5cm细格与硬边法线，无粗大方块替代；米制原点/朝向一致，绑定与LOD同形；不改受保护身体净空；派生不另算独立模型
CHAR-078,成年人体矮个尺寸,角色体型年龄派生,配色尺寸变体,生命成长/视觉多样性,缺失待制,"提示词.md:75；src/simulation/family.ts:14-32,376-443；src/rendering/citizen-appearance.ts:15,20-21（生命数据已存在，非精细造型资产）",受控局部参数与统一材质派生,只读Citizen.id/position/state/role + extension.actorProfiles.age/alive；拟visualDescriptor/骨骼socket；不写模拟或碰撞,CHAR-059,受控身高参数；匹配动作腿长与挂点,近景有可辨的细体素轮廓、五官/拼接层次；5cm细格与硬边法线，无粗大方块替代；米制原点/朝向一致，绑定与LOD同形；不改受保护身体净空；派生不另算独立模型
CHAR-079,成年人体高个尺寸,角色体型年龄派生,配色尺寸变体,生命成长/视觉多样性,缺失待制,"提示词.md:75；src/simulation/family.ts:14-32,376-443；src/rendering/citizen-appearance.ts:15,20-21（生命数据已存在，非精细造型资产）",受控局部参数与统一材质派生,只读Citizen.id/position/state/role + extension.actorProfiles.age/alive；拟visualDescriptor/骨骼socket；不写模拟或碰撞,CHAR-059,受控身高参数；镜头/玩法净空保持原契约,近景有可辨的细体素轮廓、五官/拼接层次；5cm细格与硬边法线，无粗大方块替代；米制原点/朝向一致，绑定与LOD同形；不改受保护身体净空；派生不另算独立模型
CHAR-080,老年弯背体态,角色体型年龄派生,配色尺寸变体,生命成长/视觉多样性,缺失待制,"提示词.md:75；src/simulation/family.ts:14-32,376-443；src/rendering/citizen-appearance.ts:15,20-21（生命数据已存在，非精细造型资产）",受控局部参数与统一材质派生,只读Citizen.id/position/state/role + extension.actorProfiles.age/alive；拟visualDescriptor/骨骼socket；不写模拟或碰撞,CHAR-065,脊柱姿态/肩背派生，非新人物实体,近景有可辨的细体素轮廓、五官/拼接层次；5cm细格与硬边法线，无粗大方块替代；米制原点/朝向一致，绑定与LOD同形；不改受保护身体净空；派生不另算独立模型
CHAR-081,病弱体态,角色体型年龄派生,配色尺寸变体,生命成长/视觉多样性,缺失待制,"提示词.md:75；src/simulation/family.ts:14-32,376-443；src/rendering/citizen-appearance.ts:15,20-21（生命数据已存在，非精细造型资产）",受控局部参数与统一材质派生,只读Citizen.id/position/state/role + extension.actorProfiles.age/alive；拟visualDescriptor/骨骼socket；不写模拟或碰撞,CHAR-059,只读健康选择形态/站姿，不改健康或行速,近景有可辨的细体素轮廓、五官/拼接层次；5cm细格与硬边法线，无粗大方块替代；米制原点/朝向一致，绑定与LOD同形；不改受保护身体净空；派生不另算独立模型
CHAR-082,孕期渐变尺寸,角色体型年龄派生,配色尺寸变体,生命成长/视觉多样性,缺失待制,"提示词.md:75；src/simulation/family.ts:14-32,376-443；src/rendering/citizen-appearance.ts:15,20-21（生命数据已存在，非精细造型资产）",受控局部参数与统一材质派生,只读Citizen.id/position/state/role + extension.actorProfiles.age/alive；拟visualDescriptor/骨骼socket；不写模拟或碰撞,CHAR-072,按Pregnancy.startedAt/dueAt分段映射，不改孕期timer,近景有可辨的细体素轮廓、五官/拼接层次；5cm细格与硬边法线，无粗大方块替代；米制原点/朝向一致，绑定与LOD同形；不改受保护身体净空；派生不另算独立模型
CHAR-083,同角色成长面部过渡,角色体型年龄派生,配色尺寸变体,生命成长/视觉多样性,缺失待制,"提示词.md:75；src/simulation/family.ts:14-32,376-443；src/rendering/citizen-appearance.ts:15,20-21（生命数据已存在，非精细造型资产）",受控局部参数与统一材质派生,只读Citizen.id/position/state/role + extension.actorProfiles.age/alive；拟visualDescriptor/骨骼socket；不写模拟或碰撞,CHAR-066,随age切年龄母版与纹理，保持角色id辨识,近景有可辨的细体素轮廓、五官/拼接层次；5cm细格与硬边法线，无粗大方块替代；米制原点/朝向一致，绑定与LOD同形；不改受保护身体净空；派生不另算独立模型
CHAR-084,精细肤色材质参数组,角色体型年龄派生,配色尺寸变体,生命成长/视觉多样性,缺失待制,"提示词.md:75；src/simulation/family.ts:14-32,376-443；src/rendering/citizen-appearance.ts:15,20-21（生命数据已存在，非精细造型资产）",受控局部参数与统一材质派生,只读Citizen.id/position/state/role + extension.actorProfiles.age/alive；拟visualDescriptor/骨骼socket；不写模拟或碰撞,CHAR-066,沿用现有五肤色参数并处理皮肤面/手脚一致；一组调色资源不扩成新model,近景有可辨的细体素轮廓、五官/拼接层次；5cm细格与硬边法线，无粗大方块替代；米制原点/朝向一致，绑定与LOD同形；不改受保护身体净空；派生不另算独立模型
CHAR-085,利落短发细体素母版,发型与面部毛发,基础组件,角色外观/美容,缺失待制,"提示词.md:57-65,171；src/rendering/citizen-appearance.ts:19-51（当前部件封闭清单未含本精细组件）",手工模块化细体素服饰优先；Tripo单件视觉候选需重拓扑、统一绑定、离线检查后再接入,只读Citizen.id/position/state/role + extension.actorProfiles.age/alive；拟visualDescriptor/骨骼socket；不写模拟或碰撞,CHAR-085,形体不同的可拆头部挂件；发色作为参数，不按色数增模型,近景有可辨的细体素轮廓、五官/拼接层次；5cm细格与硬边法线，无粗大方块替代；米制原点/朝向一致，绑定与LOD同形；不改受保护身体净空；无头皮穿插，头发在转头/坐姿下不穿衣领
CHAR-086,侧分短发细体素母版,发型与面部毛发,基础组件,角色外观/美容,缺失待制,"提示词.md:57-65,171；src/rendering/citizen-appearance.ts:19-51（当前部件封闭清单未含本精细组件）",手工模块化细体素服饰优先；Tripo单件视觉候选需重拓扑、统一绑定、离线检查后再接入,只读Citizen.id/position/state/role + extension.actorProfiles.age/alive；拟visualDescriptor/骨骼socket；不写模拟或碰撞,CHAR-086,形体不同的可拆头部挂件；发色作为参数，不按色数增模型,近景有可辨的细体素轮廓、五官/拼接层次；5cm细格与硬边法线，无粗大方块替代；米制原点/朝向一致，绑定与LOD同形；不改受保护身体净空；无头皮穿插，头发在转头/坐姿下不穿衣领
CHAR-087,自然微卷短发母版,发型与面部毛发,基础组件,角色外观/美容,缺失待制,"提示词.md:57-65,171；src/rendering/citizen-appearance.ts:19-51（当前部件封闭清单未含本精细组件）",手工模块化细体素服饰优先；Tripo单件视觉候选需重拓扑、统一绑定、离线检查后再接入,只读Citizen.id/position/state/role + extension.actorProfiles.age/alive；拟visualDescriptor/骨骼socket；不写模拟或碰撞,CHAR-087,形体不同的可拆头部挂件；发色作为参数，不按色数增模型,近景有可辨的细体素轮廓、五官/拼接层次；5cm细格与硬边法线，无粗大方块替代；米制原点/朝向一致，绑定与LOD同形；不改受保护身体净空；无头皮穿插，头发在转头/坐姿下不穿衣领
CHAR-088,齐耳中短发母版,发型与面部毛发,基础组件,角色外观/美容,缺失待制,"提示词.md:57-65,171；src/rendering/citizen-appearance.ts:19-51（当前部件封闭清单未含本精细组件）",手工模块化细体素服饰优先；Tripo单件视觉候选需重拓扑、统一绑定、离线检查后再接入,只读Citizen.id/position/state/role + extension.actorProfiles.age/alive；拟visualDescriptor/骨骼socket；不写模拟或碰撞,CHAR-088,形体不同的可拆头部挂件；发色作为参数，不按色数增模型,近景有可辨的细体素轮廓、五官/拼接层次；5cm细格与硬边法线，无粗大方块替代；米制原点/朝向一致，绑定与LOD同形；不改受保护身体净空；无头皮穿插，头发在转头/坐姿下不穿衣领
CHAR-089,披肩长发母版,发型与面部毛发,基础组件,角色外观/美容,缺失待制,"提示词.md:57-65,171；src/rendering/citizen-appearance.ts:19-51（当前部件封闭清单未含本精细组件）",手工模块化细体素服饰优先；Tripo单件视觉候选需重拓扑、统一绑定、离线检查后再接入,只读Citizen.id/position/state/role + extension.actorProfiles.age/alive；拟visualDescriptor/骨骼socket；不写模拟或碰撞,CHAR-089,形体不同的可拆头部挂件；发色作为参数，不按色数增模型,近景有可辨的细体素轮廓、五官/拼接层次；5cm细格与硬边法线，无粗大方块替代；米制原点/朝向一致，绑定与LOD同形；不改受保护身体净空；无头皮穿插，头发在转头/坐姿下不穿衣领
CHAR-090,单编辫长发母版,发型与面部毛发,基础组件,角色外观/美容,缺失待制,"提示词.md:57-65,171；src/rendering/citizen-appearance.ts:19-51（当前部件封闭清单未含本精细组件）",手工模块化细体素服饰优先；Tripo单件视觉候选需重拓扑、统一绑定、离线检查后再接入,只读Citizen.id/position/state/role + extension.actorProfiles.age/alive；拟visualDescriptor/骨骼socket；不写模拟或碰撞,CHAR-090,形体不同的可拆头部挂件；发色作为参数，不按色数增模型,近景有可辨的细体素轮廓、五官/拼接层次；5cm细格与硬边法线，无粗大方块替代；米制原点/朝向一致，绑定与LOD同形；不改受保护身体净空；无头皮穿插，头发在转头/坐姿下不穿衣领
CHAR-091,束发马尾母版,发型与面部毛发,基础组件,角色外观/美容,缺失待制,"提示词.md:57-65,171；src/rendering/citizen-appearance.ts:19-51（当前部件封闭清单未含本精细组件）",手工模块化细体素服饰优先；Tripo单件视觉候选需重拓扑、统一绑定、离线检查后再接入,只读Citizen.id/position/state/role + extension.actorProfiles.age/alive；拟visualDescriptor/骨骼socket；不写模拟或碰撞,CHAR-091,形体不同的可拆头部挂件；发色作为参数，不按色数增模型,近景有可辨的细体素轮廓、五官/拼接层次；5cm细格与硬边法线，无粗大方块替代；米制原点/朝向一致，绑定与LOD同形；不改受保护身体净空；无头皮穿插，头发在转头/坐姿下不穿衣领
CHAR-092,盘髻母版,发型与面部毛发,基础组件,角色外观/美容,缺失待制,"提示词.md:57-65,171；src/rendering/citizen-appearance.ts:19-51（当前部件封闭清单未含本精细组件）",手工模块化细体素服饰优先；Tripo单件视觉候选需重拓扑、统一绑定、离线检查后再接入,只读Citizen.id/position/state/role + extension.actorProfiles.age/alive；拟visualDescriptor/骨骼socket；不写模拟或碰撞,CHAR-092,形体不同的可拆头部挂件；发色作为参数，不按色数增模型,近景有可辨的细体素轮廓、五官/拼接层次；5cm细格与硬边法线，无粗大方块替代；米制原点/朝向一致，绑定与LOD同形；不改受保护身体净空；无头皮穿插，头发在转头/坐姿下不穿衣领
CHAR-093,古风束冠髻母版,发型与面部毛发,基础组件,角色外观/美容,缺失待制,"提示词.md:57-65,171；src/rendering/citizen-appearance.ts:19-51（当前部件封闭清单未含本精细组件）",手工模块化细体素服饰优先；Tripo单件视觉候选需重拓扑、统一绑定、离线检查后再接入,只读Citizen.id/position/state/role + extension.actorProfiles.age/alive；拟visualDescriptor/骨骼socket；不写模拟或碰撞,CHAR-093,形体不同的可拆头部挂件；发色作为参数，不按色数增模型,近景有可辨的细体素轮廓、五官/拼接层次；5cm细格与硬边法线，无粗大方块替代；米制原点/朝向一致，绑定与LOD同形；不改受保护身体净空；无头皮穿插，头发在转头/坐姿下不穿衣领
CHAR-094,儿童双髻母版,发型与面部毛发,基础组件,角色外观/美容,缺失待制,"提示词.md:57-65,171；src/rendering/citizen-appearance.ts:19-51（当前部件封闭清单未含本精细组件）",手工模块化细体素服饰优先；Tripo单件视觉候选需重拓扑、统一绑定、离线检查后再接入,只读Citizen.id/position/state/role + extension.actorProfiles.age/alive；拟visualDescriptor/骨骼socket；不写模拟或碰撞,CHAR-094,形体不同的可拆头部挂件；发色作为参数，不按色数增模型,近景有可辨的细体素轮廓、五官/拼接层次；5cm细格与硬边法线，无粗大方块替代；米制原点/朝向一致，绑定与LOD同形；不改受保护身体净空；无头皮穿插，头发在转头/坐姿下不穿衣领
CHAR-095,老年稀疏发母版,发型与面部毛发,基础组件,角色外观/美容,缺失待制,"提示词.md:57-65,171；src/rendering/citizen-appearance.ts:19-51（当前部件封闭清单未含本精细组件）",手工模块化细体素服饰优先；Tripo单件视觉候选需重拓扑、统一绑定、离线检查后再接入,只读Citizen.id/position/state/role + extension.actorProfiles.age/alive；拟visualDescriptor/骨骼socket；不写模拟或碰撞,CHAR-095,形体不同的可拆头部挂件；发色作为参数，不按色数增模型,近景有可辨的细体素轮廓、五官/拼接层次；5cm细格与硬边法线，无粗大方块替代；米制原点/朝向一致，绑定与LOD同形；不改受保护身体净空；无头皮穿插，头发在转头/坐姿下不穿衣领
CHAR-096,短须胡髭挂件母版,发型与面部毛发,基础组件,角色外观/美容,缺失待制,"提示词.md:57-65,171；src/rendering/citizen-appearance.ts:19-51（当前部件封闭清单未含本精细组件）",手工模块化细体素服饰优先；Tripo单件视觉候选需重拓扑、统一绑定、离线检查后再接入,只读Citizen.id/position/state/role + extension.actorProfiles.age/alive；拟visualDescriptor/骨骼socket；不写模拟或碰撞,CHAR-096,形体不同的可拆头部挂件；发色作为参数，不按色数增模型,近景有可辨的细体素轮廓、五官/拼接层次；5cm细格与硬边法线，无粗大方块替代；米制原点/朝向一致，绑定与LOD同形；不改受保护身体净空；无头皮穿插，头发在转头/坐姿下不穿衣领
CHAR-097,长须挂件母版,发型与面部毛发,基础组件,角色外观/美容,缺失待制,"提示词.md:57-65,171；src/rendering/citizen-appearance.ts:19-51（当前部件封闭清单未含本精细组件）",手工模块化细体素服饰优先；Tripo单件视觉候选需重拓扑、统一绑定、离线检查后再接入,只读Citizen.id/position/state/role + extension.actorProfiles.age/alive；拟visualDescriptor/骨骼socket；不写模拟或碰撞,CHAR-097,形体不同的可拆头部挂件；发色作为参数，不按色数增模型,近景有可辨的细体素轮廓、五官/拼接层次；5cm细格与硬边法线，无粗大方块替代；米制原点/朝向一致，绑定与LOD同形；不改受保护身体净空；无头皮穿插，头发在转头/坐姿下不穿衣领
CHAR-098,立体眉毛挂件母版,发型与面部毛发,基础组件,角色外观/美容,缺失待制,"提示词.md:57-65,171；src/rendering/citizen-appearance.ts:19-51（当前部件封闭清单未含本精细组件）",手工模块化细体素服饰优先；Tripo单件视觉候选需重拓扑、统一绑定、离线检查后再接入,只读Citizen.id/position/state/role + extension.actorProfiles.age/alive；拟visualDescriptor/骨骼socket；不写模拟或碰撞,CHAR-098,形体不同的可拆头部挂件；发色作为参数，不按色数增模型,近景有可辨的细体素轮廓、五官/拼接层次；5cm细格与硬边法线，无粗大方块替代；米制原点/朝向一致，绑定与LOD同形；不改受保护身体净空；无头皮穿插，头发在转头/坐姿下不穿衣领
CHAR-099,布巾软帽母版,头部穿戴,基础组件,职业/服饰美容/医疗,缺失待制,"提示词.md:57-65,171；src/rendering/citizen-appearance.ts:19-51（当前部件封闭清单未含本精细组件）",手工模块化细体素服饰优先；Tripo单件视觉候选需重拓扑、统一绑定、离线检查后再接入,只读Citizen.id/position/state/role + extension.actorProfiles.age/alive；拟visualDescriptor/骨骼socket；不写模拟或碰撞,CHAR-099,同一挂件供NPC/玩家和多个穿搭模板复用；配色另作材质参数,近景有可辨的细体素轮廓、五官/拼接层次；5cm细格与硬边法线，无粗大方块替代；米制原点/朝向一致，绑定与LOD同形；不改受保护身体净空；对齐head socket，不遮挡关键表情，不穿头发
CHAR-100,发冠与簪槽母版,头部穿戴,基础组件,职业/服饰美容/医疗,缺失待制,"提示词.md:57-65,171；src/rendering/citizen-appearance.ts:19-51（当前部件封闭清单未含本精细组件）",手工模块化细体素服饰优先；Tripo单件视觉候选需重拓扑、统一绑定、离线检查后再接入,只读Citizen.id/position/state/role + extension.actorProfiles.age/alive；拟visualDescriptor/骨骼socket；不写模拟或碰撞,CHAR-100,同一挂件供NPC/玩家和多个穿搭模板复用；配色另作材质参数,近景有可辨的细体素轮廓、五官/拼接层次；5cm细格与硬边法线，无粗大方块替代；米制原点/朝向一致，绑定与LOD同形；不改受保护身体净空；对齐head socket，不遮挡关键表情，不穿头发
CHAR-101,警务制帽母版,头部穿戴,基础组件,职业/服饰美容/医疗,缺失待制,"提示词.md:57-65,171；src/rendering/citizen-appearance.ts:19-51（当前部件封闭清单未含本精细组件）",手工模块化细体素服饰优先；Tripo单件视觉候选需重拓扑、统一绑定、离线检查后再接入,只读Citizen.id/position/state/role + extension.actorProfiles.age/alive；拟visualDescriptor/骨骼socket；不写模拟或碰撞,CHAR-101,同一挂件供NPC/玩家和多个穿搭模板复用；配色另作材质参数,近景有可辨的细体素轮廓、五官/拼接层次；5cm细格与硬边法线，无粗大方块替代；米制原点/朝向一致，绑定与LOD同形；不改受保护身体净空；对齐head socket，不遮挡关键表情，不穿头发
CHAR-102,守卫护盔母版,头部穿戴,基础组件,职业/服饰美容/医疗,缺失待制,"提示词.md:57-65,171；src/rendering/citizen-appearance.ts:19-51（当前部件封闭清单未含本精细组件）",手工模块化细体素服饰优先；Tripo单件视觉候选需重拓扑、统一绑定、离线检查后再接入,只读Citizen.id/position/state/role + extension.actorProfiles.age/alive；拟visualDescriptor/骨骼socket；不写模拟或碰撞,CHAR-102,同一挂件供NPC/玩家和多个穿搭模板复用；配色另作材质参数,近景有可辨的细体素轮廓、五官/拼接层次；5cm细格与硬边法线，无粗大方块替代；米制原点/朝向一致，绑定与LOD同形；不改受保护身体净空；对齐head socket，不遮挡关键表情，不穿头发
CHAR-103,工坊防护帽母版,头部穿戴,基础组件,职业/服饰美容/医疗,缺失待制,"提示词.md:57-65,171；src/rendering/citizen-appearance.ts:19-51（当前部件封闭清单未含本精细组件）",手工模块化细体素服饰优先；Tripo单件视觉候选需重拓扑、统一绑定、离线检查后再接入,只读Citizen.id/position/state/role + extension.actorProfiles.age/alive；拟visualDescriptor/骨骼socket；不写模拟或碰撞,CHAR-103,同一挂件供NPC/玩家和多个穿搭模板复用；配色另作材质参数,近景有可辨的细体素轮廓、五官/拼接层次；5cm细格与硬边法线，无粗大方块替代；米制原点/朝向一致，绑定与LOD同形；不改受保护身体净空；对齐head socket，不遮挡关键表情，不穿头发
CHAR-104,农用斗笠母版,头部穿戴,基础组件,职业/服饰美容/医疗,缺失待制,"提示词.md:57-65,171；src/rendering/citizen-appearance.ts:19-51（当前部件封闭清单未含本精细组件）",手工模块化细体素服饰优先；Tripo单件视觉候选需重拓扑、统一绑定、离线检查后再接入,只读Citizen.id/position/state/role + extension.actorProfiles.age/alive；拟visualDescriptor/骨骼socket；不写模拟或碰撞,CHAR-104,同一挂件供NPC/玩家和多个穿搭模板复用；配色另作材质参数,近景有可辨的细体素轮廓、五官/拼接层次；5cm细格与硬边法线，无粗大方块替代；米制原点/朝向一致，绑定与LOD同形；不改受保护身体净空；对齐head socket，不遮挡关键表情，不穿头发
CHAR-105,厨房工作帽母版,头部穿戴,基础组件,职业/服饰美容/医疗,缺失待制,"提示词.md:57-65,171；src/rendering/citizen-appearance.ts:19-51（当前部件封闭清单未含本精细组件）",手工模块化细体素服饰优先；Tripo单件视觉候选需重拓扑、统一绑定、离线检查后再接入,只读Citizen.id/position/state/role + extension.actorProfiles.age/alive；拟visualDescriptor/骨骼socket；不写模拟或碰撞,CHAR-105,同一挂件供NPC/玩家和多个穿搭模板复用；配色另作材质参数,近景有可辨的细体素轮廓、五官/拼接层次；5cm细格与硬边法线，无粗大方块替代；米制原点/朝向一致，绑定与LOD同形；不改受保护身体净空；对齐head socket，不遮挡关键表情，不穿头发
CHAR-106,医护工作帽母版,头部穿戴,基础组件,职业/服饰美容/医疗,缺失待制,"提示词.md:57-65,171；src/rendering/citizen-appearance.ts:19-51（当前部件封闭清单未含本精细组件）",手工模块化细体素服饰优先；Tripo单件视觉候选需重拓扑、统一绑定、离线检查后再接入,只读Citizen.id/position/state/role + extension.actorProfiles.age/alive；拟visualDescriptor/骨骼socket；不写模拟或碰撞,CHAR-106,同一挂件供NPC/玩家和多个穿搭模板复用；配色另作材质参数,近景有可辨的细体素轮廓、五官/拼接层次；5cm细格与硬边法线，无粗大方块替代；米制原点/朝向一致，绑定与LOD同形；不改受保护身体净空；对齐head socket，不遮挡关键表情，不穿头发
CHAR-107,发簪母版,头部穿戴,基础组件,职业/服饰美容/医疗,缺失待制,"提示词.md:57-65,171；src/rendering/citizen-appearance.ts:19-51（当前部件封闭清单未含本精细组件）",手工模块化细体素服饰优先；Tripo单件视觉候选需重拓扑、统一绑定、离线检查后再接入,只读Citizen.id/position/state/role + extension.actorProfiles.age/alive；拟visualDescriptor/骨骼socket；不写模拟或碰撞,CHAR-107,同一挂件供NPC/玩家和多个穿搭模板复用；配色另作材质参数,近景有可辨的细体素轮廓、五官/拼接层次；5cm细格与硬边法线，无粗大方块替代；米制原点/朝向一致，绑定与LOD同形；不改受保护身体净空；对齐head socket，不遮挡关键表情，不穿头发
CHAR-108,近视眼镜母版,头部穿戴,基础组件,职业/服饰美容/医疗,缺失待制,"提示词.md:57-65,171；src/rendering/citizen-appearance.ts:19-51（当前部件封闭清单未含本精细组件）",手工模块化细体素服饰优先；Tripo单件视觉候选需重拓扑、统一绑定、离线检查后再接入,只读Citizen.id/position/state/role + extension.actorProfiles.age/alive；拟visualDescriptor/骨骼socket；不写模拟或碰撞,CHAR-108,同一挂件供NPC/玩家和多个穿搭模板复用；配色另作材质参数,近景有可辨的细体素轮廓、五官/拼接层次；5cm细格与硬边法线，无粗大方块替代；米制原点/朝向一致，绑定与LOD同形；不改受保护身体净空；对齐head socket，不遮挡关键表情，不穿头发
CHAR-109,科研防护眼镜母版,头部穿戴,基础组件,职业/服饰美容/医疗,缺失待制,"提示词.md:57-65,171；src/rendering/citizen-appearance.ts:19-51（当前部件封闭清单未含本精细组件）",手工模块化细体素服饰优先；Tripo单件视觉候选需重拓扑、统一绑定、离线检查后再接入,只读Citizen.id/position/state/role + extension.actorProfiles.age/alive；拟visualDescriptor/骨骼socket；不写模拟或碰撞,CHAR-109,同一挂件供NPC/玩家和多个穿搭模板复用；配色另作材质参数,近景有可辨的细体素轮廓、五官/拼接层次；5cm细格与硬边法线，无粗大方块替代；米制原点/朝向一致，绑定与LOD同形；不改受保护身体净空；对齐head socket，不遮挡关键表情，不穿头发
CHAR-110,耳饰母版,头部穿戴,基础组件,职业/服饰美容/医疗,缺失待制,"提示词.md:57-65,171；src/rendering/citizen-appearance.ts:19-51（当前部件封闭清单未含本精细组件）",手工模块化细体素服饰优先；Tripo单件视觉候选需重拓扑、统一绑定、离线检查后再接入,只读Citizen.id/position/state/role + extension.actorProfiles.age/alive；拟visualDescriptor/骨骼socket；不写模拟或碰撞,CHAR-110,同一挂件供NPC/玩家和多个穿搭模板复用；配色另作材质参数,近景有可辨的细体素轮廓、五官/拼接层次；5cm细格与硬边法线，无粗大方块替代；米制原点/朝向一致，绑定与LOD同形；不改受保护身体净空；对齐head socket，不遮挡关键表情，不穿头发
CHAR-111,医护口罩母版,头部穿戴,基础组件,职业/服饰美容/医疗,缺失待制,"提示词.md:57-65,171；src/rendering/citizen-appearance.ts:19-51（当前部件封闭清单未含本精细组件）",手工模块化细体素服饰优先；Tripo单件视觉候选需重拓扑、统一绑定、离线检查后再接入,只读Citizen.id/position/state/role + extension.actorProfiles.age/alive；拟visualDescriptor/骨骼socket；不写模拟或碰撞,CHAR-111,同一挂件供NPC/玩家和多个穿搭模板复用；配色另作材质参数,近景有可辨的细体素轮廓、五官/拼接层次；5cm细格与硬边法线，无粗大方块替代；米制原点/朝向一致，绑定与LOD同形；不改受保护身体净空；对齐head socket，不遮挡关键表情，不穿头发
CHAR-112,工坊防尘面罩母版,头部穿戴,基础组件,职业/服饰美容/医疗,缺失待制,"提示词.md:57-65,171；src/rendering/citizen-appearance.ts:19-51（当前部件封闭清单未含本精细组件）",手工模块化细体素服饰优先；Tripo单件视觉候选需重拓扑、统一绑定、离线检查后再接入,只读Citizen.id/position/state/role + extension.actorProfiles.age/alive；拟visualDescriptor/骨骼socket；不写模拟或碰撞,CHAR-112,同一挂件供NPC/玩家和多个穿搭模板复用；配色另作材质参数,近景有可辨的细体素轮廓、五官/拼接层次；5cm细格与硬边法线，无粗大方块替代；米制原点/朝向一致，绑定与LOD同形；不改受保护身体净空；对齐head socket，不遮挡关键表情，不穿头发
CHAR-113,短夹衣/交领上衣母版,模块化服装与穿戴,基础组件,日常服饰,缺失待制,"提示词.md:61,101；src/rendering/citizen-appearance.ts:22,25,41,47-49（现仅色块衣帽包）",手工模块化细体素服饰优先；Tripo单件视觉候选需重拓扑、统一绑定、离线检查后再接入,只读Citizen.id/position/state/role + extension.actorProfiles.age/alive；拟visualDescriptor/骨骼socket；不写模拟或碰撞,CHAR-113,可制作的独立剪裁/挂件母版；同体型尺寸、配色与职业组合派生，不整套复制人物,近景有可辨的细体素轮廓、五官/拼接层次；5cm细格与硬边法线，无粗大方块替代；米制原点/朝向一致，绑定与LOD同形；不改受保护身体净空；行走/坐姿/举臂衣物不穿体，吊带与下摆有真实轮廓
CHAR-114,长袍上身母版,模块化服装与穿戴,基础组件,古风日常/礼服,缺失待制,"提示词.md:61,101；src/rendering/citizen-appearance.ts:22,25,41,47-49（现仅色块衣帽包）",手工模块化细体素服饰优先；Tripo单件视觉候选需重拓扑、统一绑定、离线检查后再接入,只读Citizen.id/position/state/role + extension.actorProfiles.age/alive；拟visualDescriptor/骨骼socket；不写模拟或碰撞,CHAR-114,可制作的独立剪裁/挂件母版；同体型尺寸、配色与职业组合派生，不整套复制人物,近景有可辨的细体素轮廓、五官/拼接层次；5cm细格与硬边法线，无粗大方块替代；米制原点/朝向一致，绑定与LOD同形；不改受保护身体净空；行走/坐姿/举臂衣物不穿体，吊带与下摆有真实轮廓
CHAR-115,长袍精细下摆母版,模块化服装与穿戴,基础组件,古风服饰/坐姿,缺失待制,"提示词.md:61,101；src/rendering/citizen-appearance.ts:22,25,41,47-49（现仅色块衣帽包）",手工模块化细体素服饰优先；Tripo单件视觉候选需重拓扑、统一绑定、离线检查后再接入,只读Citizen.id/position/state/role + extension.actorProfiles.age/alive；拟visualDescriptor/骨骼socket；不写模拟或碰撞,CHAR-115,可制作的独立剪裁/挂件母版；同体型尺寸、配色与职业组合派生，不整套复制人物,近景有可辨的细体素轮廓、五官/拼接层次；5cm细格与硬边法线，无粗大方块替代；米制原点/朝向一致，绑定与LOD同形；不改受保护身体净空；行走/坐姿/举臂衣物不穿体，吊带与下摆有真实轮廓
CHAR-116,外搭长衫母版,模块化服装与穿戴,基础组件,日常/天气,缺失待制,"提示词.md:61,101；src/rendering/citizen-appearance.ts:22,25,41,47-49（现仅色块衣帽包）",手工模块化细体素服饰优先；Tripo单件视觉候选需重拓扑、统一绑定、离线检查后再接入,只读Citizen.id/position/state/role + extension.actorProfiles.age/alive；拟visualDescriptor/骨骼socket；不写模拟或碰撞,CHAR-116,可制作的独立剪裁/挂件母版；同体型尺寸、配色与职业组合派生，不整套复制人物,近景有可辨的细体素轮廓、五官/拼接层次；5cm细格与硬边法线，无粗大方块替代；米制原点/朝向一致，绑定与LOD同形；不改受保护身体净空；行走/坐姿/举臂衣物不穿体，吊带与下摆有真实轮廓
CHAR-117,无袖马甲母版,模块化服装与穿戴,基础组件,商贸/工坊,缺失待制,"提示词.md:61,101；src/rendering/citizen-appearance.ts:22,25,41,47-49（现仅色块衣帽包）",手工模块化细体素服饰优先；Tripo单件视觉候选需重拓扑、统一绑定、离线检查后再接入,只读Citizen.id/position/state/role + extension.actorProfiles.age/alive；拟visualDescriptor/骨骼socket；不写模拟或碰撞,CHAR-117,可制作的独立剪裁/挂件母版；同体型尺寸、配色与职业组合派生，不整套复制人物,近景有可辨的细体素轮廓、五官/拼接层次；5cm细格与硬边法线，无粗大方块替代；米制原点/朝向一致，绑定与LOD同形；不改受保护身体净空；行走/坐姿/举臂衣物不穿体，吊带与下摆有真实轮廓
CHAR-118,日常长裤母版,模块化服装与穿戴,基础组件,日常服饰,缺失待制,"提示词.md:61,101；src/rendering/citizen-appearance.ts:22,25,41,47-49（现仅色块衣帽包）",手工模块化细体素服饰优先；Tripo单件视觉候选需重拓扑、统一绑定、离线检查后再接入,只读Citizen.id/position/state/role + extension.actorProfiles.age/alive；拟visualDescriptor/骨骼socket；不写模拟或碰撞,CHAR-118,可制作的独立剪裁/挂件母版；同体型尺寸、配色与职业组合派生，不整套复制人物,近景有可辨的细体素轮廓、五官/拼接层次；5cm细格与硬边法线，无粗大方块替代；米制原点/朝向一致，绑定与LOD同形；不改受保护身体净空；行走/坐姿/举臂衣物不穿体，吊带与下摆有真实轮廓
CHAR-119,长裙母版,模块化服装与穿戴,基础组件,日常服饰,缺失待制,"提示词.md:61,101；src/rendering/citizen-appearance.ts:22,25,41,47-49（现仅色块衣帽包）",手工模块化细体素服饰优先；Tripo单件视觉候选需重拓扑、统一绑定、离线检查后再接入,只读Citizen.id/position/state/role + extension.actorProfiles.age/alive；拟visualDescriptor/骨骼socket；不写模拟或碰撞,CHAR-119,可制作的独立剪裁/挂件母版；同体型尺寸、配色与职业组合派生，不整套复制人物,近景有可辨的细体素轮廓、五官/拼接层次；5cm细格与硬边法线，无粗大方块替代；米制原点/朝向一致，绑定与LOD同形；不改受保护身体净空；行走/坐姿/举臂衣物不穿体，吊带与下摆有真实轮廓
CHAR-120,织带腰封母版,模块化服装与穿戴,基础组件,衣装挂接,缺失待制,"提示词.md:61,101；src/rendering/citizen-appearance.ts:22,25,41,47-49（现仅色块衣帽包）",手工模块化细体素服饰优先；Tripo单件视觉候选需重拓扑、统一绑定、离线检查后再接入,只读Citizen.id/position/state/role + extension.actorProfiles.age/alive；拟visualDescriptor/骨骼socket；不写模拟或碰撞,CHAR-120,可制作的独立剪裁/挂件母版；同体型尺寸、配色与职业组合派生，不整套复制人物,近景有可辨的细体素轮廓、五官/拼接层次；5cm细格与硬边法线，无粗大方块替代；米制原点/朝向一致，绑定与LOD同形；不改受保护身体净空；行走/坐姿/举臂衣物不穿体，吊带与下摆有真实轮廓
CHAR-121,行走短靴母版,模块化服装与穿戴,基础组件,通勤/警务,缺失待制,"提示词.md:61,101；src/rendering/citizen-appearance.ts:22,25,41,47-49（现仅色块衣帽包）",手工模块化细体素服饰优先；Tripo单件视觉候选需重拓扑、统一绑定、离线检查后再接入,只读Citizen.id/position/state/role + extension.actorProfiles.age/alive；拟visualDescriptor/骨骼socket；不写模拟或碰撞,CHAR-121,可制作的独立剪裁/挂件母版；同体型尺寸、配色与职业组合派生，不整套复制人物,近景有可辨的细体素轮廓、五官/拼接层次；5cm细格与硬边法线，无粗大方块替代；米制原点/朝向一致，绑定与LOD同形；不改受保护身体净空；行走/坐姿/举臂衣物不穿体，吊带与下摆有真实轮廓
CHAR-122,布鞋母版,模块化服装与穿戴,基础组件,居民/居家,缺失待制,"提示词.md:61,101；src/rendering/citizen-appearance.ts:22,25,41,47-49（现仅色块衣帽包）",手工模块化细体素服饰优先；Tripo单件视觉候选需重拓扑、统一绑定、离线检查后再接入,只读Citizen.id/position/state/role + extension.actorProfiles.age/alive；拟visualDescriptor/骨骼socket；不写模拟或碰撞,CHAR-122,可制作的独立剪裁/挂件母版；同体型尺寸、配色与职业组合派生，不整套复制人物,近景有可辨的细体素轮廓、五官/拼接层次；5cm细格与硬边法线，无粗大方块替代；米制原点/朝向一致，绑定与LOD同形；不改受保护身体净空；行走/坐姿/举臂衣物不穿体，吊带与下摆有真实轮廓
CHAR-123,儿童鞋母版,模块化服装与穿戴,基础组件,儿童成长,缺失待制,"提示词.md:61,101；src/rendering/citizen-appearance.ts:22,25,41,47-49（现仅色块衣帽包）",手工模块化细体素服饰优先；Tripo单件视觉候选需重拓扑、统一绑定、离线检查后再接入,只读Citizen.id/position/state/role + extension.actorProfiles.age/alive；拟visualDescriptor/骨骼socket；不写模拟或碰撞,CHAR-123,可制作的独立剪裁/挂件母版；同体型尺寸、配色与职业组合派生，不整套复制人物,近景有可辨的细体素轮廓、五官/拼接层次；5cm细格与硬边法线，无粗大方块替代；米制原点/朝向一致，绑定与LOD同形；不改受保护身体净空；行走/坐姿/举臂衣物不穿体，吊带与下摆有真实轮廓
CHAR-124,居家寝衣母版,模块化服装与穿戴,基础组件,睡眠/休憩,缺失待制,"提示词.md:61,101；src/rendering/citizen-appearance.ts:22,25,41,47-49（现仅色块衣帽包）",手工模块化细体素服饰优先；Tripo单件视觉候选需重拓扑、统一绑定、离线检查后再接入,只读Citizen.id/position/state/role + extension.actorProfiles.age/alive；拟visualDescriptor/骨骼socket；不写模拟或碰撞,CHAR-124,可制作的独立剪裁/挂件母版；同体型尺寸、配色与职业组合派生，不整套复制人物,近景有可辨的细体素轮廓、五官/拼接层次；5cm细格与硬边法线，无粗大方块替代；米制原点/朝向一致，绑定与LOD同形；不改受保护身体净空；行走/坐姿/举臂衣物不穿体，吊带与下摆有真实轮廓
CHAR-125,婴儿包衣母版,模块化服装与穿戴,基础组件,出生/照护,缺失待制,"提示词.md:61,101；src/rendering/citizen-appearance.ts:22,25,41,47-49（现仅色块衣帽包）",手工模块化细体素服饰优先；Tripo单件视觉候选需重拓扑、统一绑定、离线检查后再接入,只读Citizen.id/position/state/role + extension.actorProfiles.age/alive；拟visualDescriptor/骨骼socket；不写模拟或碰撞,CHAR-125,可制作的独立剪裁/挂件母版；同体型尺寸、配色与职业组合派生，不整套复制人物,近景有可辨的细体素轮廓、五官/拼接层次；5cm细格与硬边法线，无粗大方块替代；米制原点/朝向一致，绑定与LOD同形；不改受保护身体净空；行走/坐姿/举臂衣物不穿体，吊带与下摆有真实轮廓
CHAR-126,学堂童装母版,模块化服装与穿戴,基础组件,儿童教育,缺失待制,"提示词.md:61,101；src/rendering/citizen-appearance.ts:22,25,41,47-49（现仅色块衣帽包）",手工模块化细体素服饰优先；Tripo单件视觉候选需重拓扑、统一绑定、离线检查后再接入,只读Citizen.id/position/state/role + extension.actorProfiles.age/alive；拟visualDescriptor/骨骼socket；不写模拟或碰撞,CHAR-126,可制作的独立剪裁/挂件母版；同体型尺寸、配色与职业组合派生，不整套复制人物,近景有可辨的细体素轮廓、五官/拼接层次；5cm细格与硬边法线，无粗大方块替代；米制原点/朝向一致，绑定与LOD同形；不改受保护身体净空；行走/坐姿/举臂衣物不穿体，吊带与下摆有真实轮廓
CHAR-127,警务制服模块母版,模块化服装与穿戴,基础组件,治安巡逻/调查,缺失待制,"提示词.md:61,101；src/rendering/citizen-appearance.ts:22,25,41,47-49（现仅色块衣帽包）",手工模块化细体素服饰优先；Tripo单件视觉候选需重拓扑、统一绑定、离线检查后再接入,只读Citizen.id/position/state/role + extension.actorProfiles.age/alive；拟visualDescriptor/骨骼socket；不写模拟或碰撞,CHAR-127,可制作的独立剪裁/挂件母版；同体型尺寸、配色与职业组合派生，不整套复制人物,近景有可辨的细体素轮廓、五官/拼接层次；5cm细格与硬边法线，无粗大方块替代；米制原点/朝向一致，绑定与LOD同形；不改受保护身体净空；行走/坐姿/举臂衣物不穿体，吊带与下摆有真实轮廓
CHAR-128,守卫防护衣模块母版,模块化服装与穿戴,基础组件,士兵/执勤,缺失待制,"提示词.md:61,101；src/rendering/citizen-appearance.ts:22,25,41,47-49（现仅色块衣帽包）",手工模块化细体素服饰优先；Tripo单件视觉候选需重拓扑、统一绑定、离线检查后再接入,只读Citizen.id/position/state/role + extension.actorProfiles.age/alive；拟visualDescriptor/骨骼socket；不写模拟或碰撞,CHAR-128,可制作的独立剪裁/挂件母版；同体型尺寸、配色与职业组合派生，不整套复制人物,近景有可辨的细体素轮廓、五官/拼接层次；5cm细格与硬边法线，无粗大方块替代；米制原点/朝向一致，绑定与LOD同形；不改受保护身体净空；行走/坐姿/举臂衣物不穿体，吊带与下摆有真实轮廓
CHAR-129,驾驶调度服模块母版,模块化服装与穿戴,基础组件,公共交通,缺失待制,"提示词.md:61,101；src/rendering/citizen-appearance.ts:22,25,41,47-49（现仅色块衣帽包）",手工模块化细体素服饰优先；Tripo单件视觉候选需重拓扑、统一绑定、离线检查后再接入,只读Citizen.id/position/state/role + extension.actorProfiles.age/alive；拟visualDescriptor/骨骼socket；不写模拟或碰撞,CHAR-129,可制作的独立剪裁/挂件母版；同体型尺寸、配色与职业组合派生，不整套复制人物,近景有可辨的细体素轮廓、五官/拼接层次；5cm细格与硬边法线，无粗大方块替代；米制原点/朝向一致，绑定与LOD同形；不改受保护身体净空；行走/坐姿/举臂衣物不穿体，吊带与下摆有真实轮廓
CHAR-130,工坊劳动衣模块母版,模块化服装与穿戴,基础组件,制造/施工,缺失待制,"提示词.md:61,101；src/rendering/citizen-appearance.ts:22,25,41,47-49（现仅色块衣帽包）",手工模块化细体素服饰优先；Tripo单件视觉候选需重拓扑、统一绑定、离线检查后再接入,只读Citizen.id/position/state/role + extension.actorProfiles.age/alive；拟visualDescriptor/骨骼socket；不写模拟或碰撞,CHAR-130,可制作的独立剪裁/挂件母版；同体型尺寸、配色与职业组合派生，不整套复制人物,近景有可辨的细体素轮廓、五官/拼接层次；5cm细格与硬边法线，无粗大方块替代；米制原点/朝向一致，绑定与LOD同形；不改受保护身体净空；行走/坐姿/举臂衣物不穿体，吊带与下摆有真实轮廓
CHAR-131,田作服模块母版,模块化服装与穿戴,基础组件,农业,缺失待制,"提示词.md:61,101；src/rendering/citizen-appearance.ts:22,25,41,47-49（现仅色块衣帽包）",手工模块化细体素服饰优先；Tripo单件视觉候选需重拓扑、统一绑定、离线检查后再接入,只读Citizen.id/position/state/role + extension.actorProfiles.age/alive；拟visualDescriptor/骨骼socket；不写模拟或碰撞,CHAR-131,可制作的独立剪裁/挂件母版；同体型尺寸、配色与职业组合派生，不整套复制人物,近景有可辨的细体素轮廓、五官/拼接层次；5cm细格与硬边法线，无粗大方块替代；米制原点/朝向一致，绑定与LOD同形；不改受保护身体净空；行走/坐姿/举臂衣物不穿体，吊带与下摆有真实轮廓
CHAR-132,医生诊疗衣模块母版,模块化服装与穿戴,基础组件,医疗,缺失待制,"提示词.md:61,101；src/rendering/citizen-appearance.ts:22,25,41,47-49（现仅色块衣帽包）",手工模块化细体素服饰优先；Tripo单件视觉候选需重拓扑、统一绑定、离线检查后再接入,只读Citizen.id/position/state/role + extension.actorProfiles.age/alive；拟visualDescriptor/骨骼socket；不写模拟或碰撞,CHAR-132,可制作的独立剪裁/挂件母版；同体型尺寸、配色与职业组合派生，不整套复制人物,近景有可辨的细体素轮廓、五官/拼接层次；5cm细格与硬边法线，无粗大方块替代；米制原点/朝向一致，绑定与LOD同形；不改受保护身体净空；行走/坐姿/举臂衣物不穿体，吊带与下摆有真实轮廓
CHAR-133,护理工作衣模块母版,模块化服装与穿戴,基础组件,医疗照护,缺失待制,"提示词.md:61,101；src/rendering/citizen-appearance.ts:22,25,41,47-49（现仅色块衣帽包）",手工模块化细体素服饰优先；Tripo单件视觉候选需重拓扑、统一绑定、离线检查后再接入,只读Citizen.id/position/state/role + extension.actorProfiles.age/alive；拟visualDescriptor/骨骼socket；不写模拟或碰撞,CHAR-133,可制作的独立剪裁/挂件母版；同体型尺寸、配色与职业组合派生，不整套复制人物,近景有可辨的细体素轮廓、五官/拼接层次；5cm细格与硬边法线，无粗大方块替代；米制原点/朝向一致，绑定与LOD同形；不改受保护身体净空；行走/坐姿/举臂衣物不穿体，吊带与下摆有真实轮廓
CHAR-134,科研实验外套母版,模块化服装与穿戴,基础组件,科研/教育,缺失待制,"提示词.md:61,101；src/rendering/citizen-appearance.ts:22,25,41,47-49（现仅色块衣帽包）",手工模块化细体素服饰优先；Tripo单件视觉候选需重拓扑、统一绑定、离线检查后再接入,只读Citizen.id/position/state/role + extension.actorProfiles.age/alive；拟visualDescriptor/骨骼socket；不写模拟或碰撞,CHAR-134,可制作的独立剪裁/挂件母版；同体型尺寸、配色与职业组合派生，不整套复制人物,近景有可辨的细体素轮廓、五官/拼接层次；5cm细格与硬边法线，无粗大方块替代；米制原点/朝向一致，绑定与LOD同形；不改受保护身体净空；行走/坐姿/举臂衣物不穿体，吊带与下摆有真实轮廓
CHAR-135,店员服务衣模块母版,模块化服装与穿戴,基础组件,商铺/餐饮,缺失待制,"提示词.md:61,101；src/rendering/citizen-appearance.ts:22,25,41,47-49（现仅色块衣帽包）",手工模块化细体素服饰优先；Tripo单件视觉候选需重拓扑、统一绑定、离线检查后再接入,只读Citizen.id/position/state/role + extension.actorProfiles.age/alive；拟visualDescriptor/骨骼socket；不写模拟或碰撞,CHAR-135,可制作的独立剪裁/挂件母版；同体型尺寸、配色与职业组合派生，不整套复制人物,近景有可辨的细体素轮廓、五官/拼接层次；5cm细格与硬边法线，无粗大方块替代；米制原点/朝向一致，绑定与LOD同形；不改受保护身体净空；行走/坐姿/举臂衣物不穿体，吊带与下摆有真实轮廓
CHAR-136,工作围裙母版,模块化服装与穿戴,基础组件,厨房/工坊,缺失待制,"提示词.md:61,101；src/rendering/citizen-appearance.ts:22,25,41,47-49（现仅色块衣帽包）",手工模块化细体素服饰优先；Tripo单件视觉候选需重拓扑、统一绑定、离线检查后再接入,只读Citizen.id/position/state/role + extension.actorProfiles.age/alive；拟visualDescriptor/骨骼socket；不写模拟或碰撞,CHAR-136,可制作的独立剪裁/挂件母版；同体型尺寸、配色与职业组合派生，不整套复制人物,近景有可辨的细体素轮廓、五官/拼接层次；5cm细格与硬边法线，无粗大方块替代；米制原点/朝向一致，绑定与LOD同形；不改受保护身体净空；行走/坐姿/举臂衣物不穿体，吊带与下摆有真实轮廓
CHAR-137,官署礼常服模块母版,模块化服装与穿戴,基础组件,治理/议会,缺失待制,"提示词.md:61,101；src/rendering/citizen-appearance.ts:22,25,41,47-49（现仅色块衣帽包）",手工模块化细体素服饰优先；Tripo单件视觉候选需重拓扑、统一绑定、离线检查后再接入,只读Citizen.id/position/state/role + extension.actorProfiles.age/alive；拟visualDescriptor/骨骼socket；不写模拟或碰撞,CHAR-137,可制作的独立剪裁/挂件母版；同体型尺寸、配色与职业组合派生，不整套复制人物,近景有可辨的细体素轮廓、五官/拼接层次；5cm细格与硬边法线，无粗大方块替代；米制原点/朝向一致，绑定与LOD同形；不改受保护身体净空；行走/坐姿/举臂衣物不穿体，吊带与下摆有真实轮廓
CHAR-138,婚礼礼服模块母版,模块化服装与穿戴,基础组件,家庭婚礼,缺失待制,"提示词.md:75；src/simulation/family.ts:47,448-461（真实仪式数据已存，专用礼服未接）",手工模块化细体素服饰优先；Tripo单件视觉候选需重拓扑、统一绑定、离线检查后再接入,只读Citizen.id/position/state/role + extension.actorProfiles.age/alive；拟visualDescriptor/骨骼socket；不写模拟或碰撞,CHAR-138,可制作的独立剪裁/挂件母版；同体型尺寸、配色与职业组合派生，不整套复制人物,近景有可辨的细体素轮廓、五官/拼接层次；5cm细格与硬边法线，无粗大方块替代；米制原点/朝向一致，绑定与LOD同形；不改受保护身体净空；行走/坐姿/举臂衣物不穿体，吊带与下摆有真实轮廓
CHAR-139,丧礼素服模块母版,模块化服装与穿戴,基础组件,家庭葬礼,缺失待制,"提示词.md:75；src/simulation/family.ts:47,448-461（真实仪式数据已存，专用礼服未接）",手工模块化细体素服饰优先；Tripo单件视觉候选需重拓扑、统一绑定、离线检查后再接入,只读Citizen.id/position/state/role + extension.actorProfiles.age/alive；拟visualDescriptor/骨骼socket；不写模拟或碰撞,CHAR-139,可制作的独立剪裁/挂件母版；同体型尺寸、配色与职业组合派生，不整套复制人物,近景有可辨的细体素轮廓、五官/拼接层次；5cm细格与硬边法线，无粗大方块替代；米制原点/朝向一致，绑定与LOD同形；不改受保护身体净空；行走/坐姿/举臂衣物不穿体，吊带与下摆有真实轮廓
CHAR-140,雨披母版,模块化服装与穿戴,基础组件,天气/通勤,缺失待制,"提示词.md:61,101；src/rendering/citizen-appearance.ts:22,25,41,47-49（现仅色块衣帽包）",手工模块化细体素服饰优先；Tripo单件视觉候选需重拓扑、统一绑定、离线检查后再接入,只读Citizen.id/position/state/role + extension.actorProfiles.age/alive；拟visualDescriptor/骨骼socket；不写模拟或碰撞,CHAR-140,可制作的独立剪裁/挂件母版；同体型尺寸、配色与职业组合派生，不整套复制人物,近景有可辨的细体素轮廓、五官/拼接层次；5cm细格与硬边法线，无粗大方块替代；米制原点/朝向一致，绑定与LOD同形；不改受保护身体净空；行走/坐姿/举臂衣物不穿体，吊带与下摆有真实轮廓
CHAR-141,围巾披肩母版,模块化服装与穿戴,基础组件,服饰/季候,缺失待制,"提示词.md:61,101；src/rendering/citizen-appearance.ts:22,25,41,47-49（现仅色块衣帽包）",手工模块化细体素服饰优先；Tripo单件视觉候选需重拓扑、统一绑定、离线检查后再接入,只读Citizen.id/position/state/role + extension.actorProfiles.age/alive；拟visualDescriptor/骨骼socket；不写模拟或碰撞,CHAR-141,可制作的独立剪裁/挂件母版；同体型尺寸、配色与职业组合派生，不整套复制人物,近景有可辨的细体素轮廓、五官/拼接层次；5cm细格与硬边法线，无粗大方块替代；米制原点/朝向一致，绑定与LOD同形；不改受保护身体净空；行走/坐姿/举臂衣物不穿体，吊带与下摆有真实轮廓
CHAR-142,防护手套母版,模块化服装与穿戴,基础组件,工坊/医护,缺失待制,"提示词.md:61,101；src/rendering/citizen-appearance.ts:22,25,41,47-49（现仅色块衣帽包）",手工模块化细体素服饰优先；Tripo单件视觉候选需重拓扑、统一绑定、离线检查后再接入,只读Citizen.id/position/state/role + extension.actorProfiles.age/alive；拟visualDescriptor/骨骼socket；不写模拟或碰撞,CHAR-142,可制作的独立剪裁/挂件母版；同体型尺寸、配色与职业组合派生，不整套复制人物,近景有可辨的细体素轮廓、五官/拼接层次；5cm细格与硬边法线，无粗大方块替代；米制原点/朝向一致，绑定与LOD同形；不改受保护身体净空；行走/坐姿/举臂衣物不穿体，吊带与下摆有真实轮廓
CHAR-143,水上救生穿戴母版,模块化服装与穿戴,基础组件,渡轮/救援,缺失待制,"提示词.md:61,101；src/rendering/citizen-appearance.ts:22,25,41,47-49（现仅色块衣帽包）",手工模块化细体素服饰优先；Tripo单件视觉候选需重拓扑、统一绑定、离线检查后再接入,只读Citizen.id/position/state/role + extension.actorProfiles.age/alive；拟visualDescriptor/骨骼socket；不写模拟或碰撞,CHAR-143,可制作的独立剪裁/挂件母版；同体型尺寸、配色与职业组合派生，不整套复制人物,近景有可辨的细体素轮廓、五官/拼接层次；5cm细格与硬边法线，无粗大方块替代；米制原点/朝向一致，绑定与LOD同形；不改受保护身体净空；行走/坐姿/举臂衣物不穿体，吊带与下摆有真实轮廓
CHAR-144,飞行员护具母版,模块化服装与穿戴,基础组件,航空/驾驶,缺失待制,"提示词.md:61,101；src/rendering/citizen-appearance.ts:22,25,41,47-49（现仅色块衣帽包）",手工模块化细体素服饰优先；Tripo单件视觉候选需重拓扑、统一绑定、离线检查后再接入,只读Citizen.id/position/state/role + extension.actorProfiles.age/alive；拟visualDescriptor/骨骼socket；不写模拟或碰撞,CHAR-144,可制作的独立剪裁/挂件母版；同体型尺寸、配色与职业组合派生，不整套复制人物,近景有可辨的细体素轮廓、五官/拼接层次；5cm细格与硬边法线，无粗大方块替代；米制原点/朝向一致，绑定与LOD同形；不改受保护身体净空；行走/坐姿/举臂衣物不穿体，吊带与下摆有真实轮廓
CHAR-145,身体绷带挂件母版,模块化服装与穿戴,基础组件,伤患/医疗,缺失待制,"提示词.md:61,101；src/rendering/citizen-appearance.ts:22,25,41,47-49（现仅色块衣帽包）",手工模块化细体素服饰优先；Tripo单件视觉候选需重拓扑、统一绑定、离线检查后再接入,只读Citizen.id/position/state/role + extension.actorProfiles.age/alive；拟visualDescriptor/骨骼socket；不写模拟或碰撞,CHAR-145,可制作的独立剪裁/挂件母版；同体型尺寸、配色与职业组合派生，不整套复制人物,近景有可辨的细体素轮廓、五官/拼接层次；5cm细格与硬边法线，无粗大方块替代；米制原点/朝向一致，绑定与LOD同形；不改受保护身体净空；行走/坐姿/举臂衣物不穿体，吊带与下摆有真实轮廓
CHAR-146,肢体支具母版,模块化服装与穿戴,基础组件,康复/身体状态,缺失待制,"提示词.md:61,101；src/rendering/citizen-appearance.ts:22,25,41,47-49（现仅色块衣帽包）",手工模块化细体素服饰优先；Tripo单件视觉候选需重拓扑、统一绑定、离线检查后再接入,只读Citizen.id/position/state/role + extension.actorProfiles.age/alive；拟visualDescriptor/骨骼socket；不写模拟或碰撞,CHAR-146,可制作的独立剪裁/挂件母版；同体型尺寸、配色与职业组合派生，不整套复制人物,近景有可辨的细体素轮廓、五官/拼接层次；5cm细格与硬边法线，无粗大方块替代；米制原点/朝向一致，绑定与LOD同形；不改受保护身体净空；行走/坐姿/举臂衣物不穿体，吊带与下摆有真实轮廓
CHAR-147,旅行背包母版,模块化服装与穿戴,基础组件,玩家旅行者/通勤,缺失待制,"提示词.md:61,101；src/rendering/citizen-appearance.ts:22,25,41,47-49（现仅色块衣帽包）",手工模块化细体素服饰优先；Tripo单件视觉候选需重拓扑、统一绑定、离线检查后再接入,只读Citizen.id/position/state/role + extension.actorProfiles.age/alive；拟visualDescriptor/骨骼socket；不写模拟或碰撞,CHAR-147,可制作的独立剪裁/挂件母版；同体型尺寸、配色与职业组合派生，不整套复制人物,近景有可辨的细体素轮廓、五官/拼接层次；5cm细格与硬边法线，无粗大方块替代；米制原点/朝向一致，绑定与LOD同形；不改受保护身体净空；行走/坐姿/举臂衣物不穿体，吊带与下摆有真实轮廓
CHAR-148,细体素挎包母版,模块化服装与穿戴,基础组件,居民/学生,缺失待制,"提示词.md:61,101；src/rendering/citizen-appearance.ts:22,25,41,47-49（现仅色块衣帽包）",手工模块化细体素服饰优先；Tripo单件视觉候选需重拓扑、统一绑定、离线检查后再接入,只读Citizen.id/position/state/role + extension.actorProfiles.age/alive；拟visualDescriptor/骨骼socket；不写模拟或碰撞,CHAR-148,可制作的独立剪裁/挂件母版；同体型尺寸、配色与职业组合派生，不整套复制人物,近景有可辨的细体素轮廓、五官/拼接层次；5cm细格与硬边法线，无粗大方块替代；米制原点/朝向一致，绑定与LOD同形；不改受保护身体净空；行走/坐姿/举臂衣物不穿体，吊带与下摆有真实轮廓
CHAR-149,职业工具腰带母版,模块化服装与穿戴,基础组件,工坊/维修,缺失待制,"提示词.md:61,101；src/rendering/citizen-appearance.ts:22,25,41,47-49（现仅色块衣帽包）",手工模块化细体素服饰优先；Tripo单件视觉候选需重拓扑、统一绑定、离线检查后再接入,只读Citizen.id/position/state/role + extension.actorProfiles.age/alive；拟visualDescriptor/骨骼socket；不写模拟或碰撞,CHAR-149,可制作的独立剪裁/挂件母版；同体型尺寸、配色与职业组合派生，不整套复制人物,近景有可辨的细体素轮廓、五官/拼接层次；5cm细格与硬边法线，无粗大方块替代；米制原点/朝向一致，绑定与LOD同形；不改受保护身体净空；行走/坐姿/举臂衣物不穿体，吊带与下摆有真实轮廓
CHAR-150,职业胸牌腰牌母版,模块化服装与穿戴,基础组件,公共职业辨识,缺失待制,"提示词.md:61,101；src/rendering/citizen-appearance.ts:22,25,41,47-49（现仅色块衣帽包）",手工模块化细体素服饰优先；Tripo单件视觉候选需重拓扑、统一绑定、离线检查后再接入,只读Citizen.id/position/state/role + extension.actorProfiles.age/alive；拟visualDescriptor/骨骼socket；不写模拟或碰撞,CHAR-150,可制作的独立剪裁/挂件母版；同体型尺寸、配色与职业组合派生，不整套复制人物,近景有可辨的细体素轮廓、五官/拼接层次；5cm细格与硬边法线，无粗大方块替代；米制原点/朝向一致，绑定与LOD同形；不改受保护身体净空；行走/坐姿/举臂衣物不穿体，吊带与下摆有真实轮廓
CHAR-151,外星旅行者可复用穿搭组合,身份与生活穿搭,组合模板,玩家初始旅行/自由探索,缺失待制,"提示词.md:11,61,101,109；src/types.ts:12,24；src/simulation/player-labor.ts:25-30；src/rendering/citizen-appearance.ts:20-22（现身份只有有限色/帽映射）",复用身体/衣装/头饰母版，制作装配配置；无需每职业重复Tripo整人,只读Citizen.id/position/state/role + extension.actorProfiles.age/alive；拟visualDescriptor/骨骼socket；不写模拟或碰撞,CHAR-059,衣装=CHAR-116，佩戴=CHAR-147；绑定职业只读状态；同人换职业保持id/外观种子，不新增model,职业由剪裁/标识/持物辨认；不能单靠换色；年龄/体型全套贴合，权限/工资/库存规则不受装扮改变
CHAR-152,普通市民可复用穿搭组合,身份与生活穿搭,组合模板,居住/通勤/购物,缺失待制,"提示词.md:11,61,101,109；src/types.ts:12,24；src/simulation/player-labor.ts:25-30；src/rendering/citizen-appearance.ts:20-22（现身份只有有限色/帽映射）",复用身体/衣装/头饰母版，制作装配配置；无需每职业重复Tripo整人,只读Citizen.id/position/state/role + extension.actorProfiles.age/alive；拟visualDescriptor/骨骼socket；不写模拟或碰撞,CHAR-059,衣装=CHAR-113，佩戴=CHAR-148；绑定职业只读状态；同人换职业保持id/外观种子，不新增model,职业由剪裁/标识/持物辨认；不能单靠换色；年龄/体型全套贴合，权限/工资/库存规则不受装扮改变
CHAR-153,警察可复用穿搭组合,身份与生活穿搭,组合模板,巡逻/调查/执法,缺失待制,"提示词.md:11,61,101,109；src/types.ts:12,24；src/simulation/player-labor.ts:25-30；src/rendering/citizen-appearance.ts:20-22（现身份只有有限色/帽映射）",复用身体/衣装/头饰母版，制作装配配置；无需每职业重复Tripo整人,只读Citizen.id/position/state/role + extension.actorProfiles.age/alive；拟visualDescriptor/骨骼socket；不写模拟或碰撞,CHAR-059,衣装=CHAR-127，佩戴=CHAR-101；绑定职业只读状态；同人换职业保持id/外观种子，不新增model,职业由剪裁/标识/持物辨认；不能单靠换色；年龄/体型全套贴合，权限/工资/库存规则不受装扮改变
CHAR-154,士兵守卫可复用穿搭组合,身份与生活穿搭,组合模板,站岗/防卫,缺失待制,"提示词.md:11,61,101,109；src/types.ts:12,24；src/simulation/player-labor.ts:25-30；src/rendering/citizen-appearance.ts:20-22（现身份只有有限色/帽映射）",复用身体/衣装/头饰母版，制作装配配置；无需每职业重复Tripo整人,只读Citizen.id/position/state/role + extension.actorProfiles.age/alive；拟visualDescriptor/骨骼socket；不写模拟或碰撞,CHAR-059,衣装=CHAR-128，佩戴=CHAR-102；绑定职业只读状态；同人换职业保持id/外观种子，不新增model,职业由剪裁/标识/持物辨认；不能单靠换色；年龄/体型全套贴合，权限/工资/库存规则不受装扮改变
CHAR-155,教师可复用穿搭组合,身份与生活穿搭,组合模板,教育/传承,缺失待制,"提示词.md:11,61,101,109；src/types.ts:12,24；src/simulation/player-labor.ts:25-30；src/rendering/citizen-appearance.ts:20-22（现身份只有有限色/帽映射）",复用身体/衣装/头饰母版，制作装配配置；无需每职业重复Tripo整人,只读Citizen.id/position/state/role + extension.actorProfiles.age/alive；拟visualDescriptor/骨骼socket；不写模拟或碰撞,CHAR-059,衣装=CHAR-114，佩戴=CHAR-148；绑定职业只读状态；同人换职业保持id/外观种子，不新增model,职业由剪裁/标识/持物辨认；不能单靠换色；年龄/体型全套贴合，权限/工资/库存规则不受装扮改变
CHAR-156,驾驶员可复用穿搭组合,身份与生活穿搭,组合模板,道路/轨道驾驶,缺失待制,"提示词.md:11,61,101,109；src/types.ts:12,24；src/simulation/player-labor.ts:25-30；src/rendering/citizen-appearance.ts:20-22（现身份只有有限色/帽映射）",复用身体/衣装/头饰母版，制作装配配置；无需每职业重复Tripo整人,只读Citizen.id/position/state/role + extension.actorProfiles.age/alive；拟visualDescriptor/骨骼socket；不写模拟或碰撞,CHAR-059,衣装=CHAR-129，佩戴=CHAR-150；绑定职业只读状态；同人换职业保持id/外观种子，不新增model,职业由剪裁/标识/持物辨认；不能单靠换色；年龄/体型全套贴合，权限/工资/库存规则不受装扮改变
CHAR-157,商人可复用穿搭组合,身份与生活穿搭,组合模板,经营/交易,缺失待制,"提示词.md:11,61,101,109；src/types.ts:12,24；src/simulation/player-labor.ts:25-30；src/rendering/citizen-appearance.ts:20-22（现身份只有有限色/帽映射）",复用身体/衣装/头饰母版，制作装配配置；无需每职业重复Tripo整人,只读Citizen.id/position/state/role + extension.actorProfiles.age/alive；拟visualDescriptor/骨骼socket；不写模拟或碰撞,CHAR-059,衣装=CHAR-117，佩戴=CHAR-120；绑定职业只读状态；同人换职业保持id/外观种子，不新增model,职业由剪裁/标识/持物辨认；不能单靠换色；年龄/体型全套贴合，权限/工资/库存规则不受装扮改变
CHAR-158,官员可复用穿搭组合,身份与生活穿搭,组合模板,政务/公共事务,缺失待制,"提示词.md:11,61,101,109；src/types.ts:12,24；src/simulation/player-labor.ts:25-30；src/rendering/citizen-appearance.ts:20-22（现身份只有有限色/帽映射）",复用身体/衣装/头饰母版，制作装配配置；无需每职业重复Tripo整人,只读Citizen.id/position/state/role + extension.actorProfiles.age/alive；拟visualDescriptor/骨骼socket；不写模拟或碰撞,CHAR-059,衣装=CHAR-137，佩戴=CHAR-150；绑定职业只读状态；同人换职业保持id/外观种子，不新增model,职业由剪裁/标识/持物辨认；不能单靠换色；年龄/体型全套贴合，权限/工资/库存规则不受装扮改变
CHAR-159,市长可复用穿搭组合,身份与生活穿搭,组合模板,治理/竞选,缺失待制,"提示词.md:11,61,101,109；src/types.ts:12,24；src/simulation/player-labor.ts:25-30；src/rendering/citizen-appearance.ts:20-22（现身份只有有限色/帽映射）",复用身体/衣装/头饰母版，制作装配配置；无需每职业重复Tripo整人,只读Citizen.id/position/state/role + extension.actorProfiles.age/alive；拟visualDescriptor/骨骼socket；不写模拟或碰撞,CHAR-059,衣装=CHAR-137，佩戴=CHAR-150；绑定职业只读状态；同人换职业保持id/外观种子，不新增model,职业由剪裁/标识/持物辨认；不能单靠换色；年龄/体型全套贴合，权限/工资/库存规则不受装扮改变
CHAR-160,议员可复用穿搭组合,身份与生活穿搭,组合模板,议事/联署,缺失待制,"提示词.md:11,61,101,109；src/types.ts:12,24；src/simulation/player-labor.ts:25-30；src/rendering/citizen-appearance.ts:20-22（现身份只有有限色/帽映射）",复用身体/衣装/头饰母版，制作装配配置；无需每职业重复Tripo整人,只读Citizen.id/position/state/role + extension.actorProfiles.age/alive；拟visualDescriptor/骨骼socket；不写模拟或碰撞,CHAR-059,衣装=CHAR-137，佩戴=CHAR-150；绑定职业只读状态；同人换职业保持id/外观种子，不新增model,职业由剪裁/标识/持物辨认；不能单靠换色；年龄/体型全套贴合，权限/工资/库存规则不受装扮改变
CHAR-161,工人可复用穿搭组合,身份与生活穿搭,组合模板,制造/施工,缺失待制,"提示词.md:11,61,101,109；src/types.ts:12,24；src/simulation/player-labor.ts:25-30；src/rendering/citizen-appearance.ts:20-22（现身份只有有限色/帽映射）",复用身体/衣装/头饰母版，制作装配配置；无需每职业重复Tripo整人,只读Citizen.id/position/state/role + extension.actorProfiles.age/alive；拟visualDescriptor/骨骼socket；不写模拟或碰撞,CHAR-059,衣装=CHAR-130，佩戴=CHAR-103；绑定职业只读状态；同人换职业保持id/外观种子，不新增model,职业由剪裁/标识/持物辨认；不能单靠换色；年龄/体型全套贴合，权限/工资/库存规则不受装扮改变
CHAR-162,医生可复用穿搭组合,身份与生活穿搭,组合模板,诊疗,缺失待制,"提示词.md:11,61,101,109；src/types.ts:12,24；src/simulation/player-labor.ts:25-30；src/rendering/citizen-appearance.ts:20-22（现身份只有有限色/帽映射）",复用身体/衣装/头饰母版，制作装配配置；无需每职业重复Tripo整人,只读Citizen.id/position/state/role + extension.actorProfiles.age/alive；拟visualDescriptor/骨骼socket；不写模拟或碰撞,CHAR-059,衣装=CHAR-132，佩戴=CHAR-111；绑定职业只读状态；同人换职业保持id/外观种子，不新增model,职业由剪裁/标识/持物辨认；不能单靠换色；年龄/体型全套贴合，权限/工资/库存规则不受装扮改变
CHAR-163,护理人员可复用穿搭组合,身份与生活穿搭,组合模板,照护；目标职业契约待补,缺失待制,"开发备忘录.md:317,322；src/simulation/clinical.ts:67-76（现职员契约仅doctor，不宣称护理玩法已实现）",复用身体/衣装/头饰母版，制作装配配置；无需每职业重复Tripo整人,只读Citizen.id/position/state/role + extension.actorProfiles.age/alive；拟visualDescriptor/骨骼socket；不写模拟或碰撞,CHAR-059,衣装=CHAR-133，佩戴=CHAR-106；绑定职业只读状态；同人换职业保持id/外观种子，不新增model,职业由剪裁/标识/持物辨认；不能单靠换色；年龄/体型全套贴合，权限/工资/库存规则不受装扮改变
CHAR-164,农民可复用穿搭组合,身份与生活穿搭,组合模板,田作/供应,缺失待制,"提示词.md:11,61,101,109；src/types.ts:12,24；src/simulation/player-labor.ts:25-30；src/rendering/citizen-appearance.ts:20-22（现身份只有有限色/帽映射）",复用身体/衣装/头饰母版，制作装配配置；无需每职业重复Tripo整人,只读Citizen.id/position/state/role + extension.actorProfiles.age/alive；拟visualDescriptor/骨骼socket；不写模拟或碰撞,CHAR-059,衣装=CHAR-131，佩戴=CHAR-104；绑定职业只读状态；同人换职业保持id/外观种子，不新增model,职业由剪裁/标识/持物辨认；不能单靠换色；年龄/体型全套贴合，权限/工资/库存规则不受装扮改变
CHAR-165,学生可复用穿搭组合,身份与生活穿搭,组合模板,学堂/家庭扶养,缺失待制,"提示词.md:11,61,101,109；src/types.ts:12,24；src/simulation/player-labor.ts:25-30；src/rendering/citizen-appearance.ts:20-22（现身份只有有限色/帽映射）",复用身体/衣装/头饰母版，制作装配配置；无需每职业重复Tripo整人,只读Citizen.id/position/state/role + extension.actorProfiles.age/alive；拟visualDescriptor/骨骼socket；不写模拟或碰撞,CHAR-063,衣装=CHAR-126，佩戴=CHAR-148；绑定职业只读状态；同人换职业保持id/外观种子，不新增model,职业由剪裁/标识/持物辨认；不能单靠换色；年龄/体型全套贴合，权限/工资/库存规则不受装扮改变
CHAR-166,科学家可复用穿搭组合,身份与生活穿搭,组合模板,研究/技术,缺失待制,"提示词.md:11,61,101,109；src/types.ts:12,24；src/simulation/player-labor.ts:25-30；src/rendering/citizen-appearance.ts:20-22（现身份只有有限色/帽映射）",复用身体/衣装/头饰母版，制作装配配置；无需每职业重复Tripo整人,只读Citizen.id/position/state/role + extension.actorProfiles.age/alive；拟visualDescriptor/骨骼socket；不写模拟或碰撞,CHAR-059,衣装=CHAR-134，佩戴=CHAR-109；绑定职业只读状态；同人换职业保持id/外观种子，不新增model,职业由剪裁/标识/持物辨认；不能单靠换色；年龄/体型全套贴合，权限/工资/库存规则不受装扮改变
CHAR-167,流浪者可复用穿搭组合,身份与生活穿搭,组合模板,社会层次/求助,缺失待制,"提示词.md:11,61,101,109；src/types.ts:12,24；src/simulation/player-labor.ts:25-30；src/rendering/citizen-appearance.ts:20-22（现身份只有有限色/帽映射）",复用身体/衣装/头饰母版，制作装配配置；无需每职业重复Tripo整人,只读Citizen.id/position/state/role + extension.actorProfiles.age/alive；拟visualDescriptor/骨骼socket；不写模拟或碰撞,CHAR-059,衣装=CHAR-116，佩戴=CHAR-141；绑定职业只读状态；同人换职业保持id/外观种子，不新增model,职业由剪裁/标识/持物辨认；不能单靠换色；年龄/体型全套贴合，权限/工资/库存规则不受装扮改变
CHAR-168,交通能源工程师可复用穿搭组合,身份与生活穿搭,组合模板,文化公共交通维护服务,缺失待制,src/simulation/culture.ts:36（驾驶员/工程师服务角色）；src/rendering/citizen-appearance.ts:22（未见专用穿搭）,复用身体/衣装/头饰母版，制作装配配置；无需每职业重复Tripo整人,只读Citizen.id/position/state/role + extension.actorProfiles.age/alive；拟visualDescriptor/骨骼socket；不写模拟或碰撞,CHAR-059,衣装=CHAR-130，佩戴=CHAR-149；绑定职业只读状态；同人换职业保持id/外观种子，不新增model,职业由剪裁/标识/持物辨认；不能单靠换色；年龄/体型全套贴合，权限/工资/库存规则不受装扮改变
CHAR-169,厨师餐饮员工可复用穿搭组合,身份与生活穿搭,组合模板,烹饪/食品服务；职业细化契约待补,缺失待制,"提示词.md:11,61,101,109；src/types.ts:12,24；src/simulation/player-labor.ts:25-30；src/rendering/citizen-appearance.ts:20-22（现身份只有有限色/帽映射）",复用身体/衣装/头饰母版，制作装配配置；无需每职业重复Tripo整人,只读Citizen.id/position/state/role + extension.actorProfiles.age/alive；拟visualDescriptor/骨骼socket；不写模拟或碰撞,CHAR-059,衣装=CHAR-135，佩戴=CHAR-136；绑定职业只读状态；同人换职业保持id/外观种子，不新增model,职业由剪裁/标识/持物辨认；不能单靠换色；年龄/体型全套贴合，权限/工资/库存规则不受装扮改变
CHAR-170,搬运物流工可复用穿搭组合,身份与生活穿搭,组合模板,货运/有限物料,缺失待制,"提示词.md:11,61,101,109；src/types.ts:12,24；src/simulation/player-labor.ts:25-30；src/rendering/citizen-appearance.ts:20-22（现身份只有有限色/帽映射）",复用身体/衣装/头饰母版，制作装配配置；无需每职业重复Tripo整人,只读Citizen.id/position/state/role + extension.actorProfiles.age/alive；拟visualDescriptor/骨骼socket；不写模拟或碰撞,CHAR-059,衣装=CHAR-130，佩戴=CHAR-149；绑定职业只读状态；同人换职业保持id/外观种子，不新增model,职业由剪裁/标识/持物辨认；不能单靠换色；年龄/体型全套贴合，权限/工资/库存规则不受装扮改变
CHAR-171,钱庄职员可复用穿搭组合,身份与生活穿搭,组合模板,银行服务/业务现场,缺失待制,"提示词.md:11,61,101,109；src/types.ts:12,24；src/simulation/player-labor.ts:25-30；src/rendering/citizen-appearance.ts:20-22（现身份只有有限色/帽映射）",复用身体/衣装/头饰母版，制作装配配置；无需每职业重复Tripo整人,只读Citizen.id/position/state/role + extension.actorProfiles.age/alive；拟visualDescriptor/骨骼socket；不写模拟或碰撞,CHAR-059,衣装=CHAR-114，佩戴=CHAR-150；绑定职业只读状态；同人换职业保持id/外观种子，不新增model,职业由剪裁/标识/持物辨认；不能单靠换色；年龄/体型全套贴合，权限/工资/库存规则不受装扮改变
CHAR-172,婚礼当事人可复用穿搭组合,身份与生活穿搭,组合模板,真实家庭婚礼,缺失待制,"src/simulation/family.ts:47,448-461；src/rendering/citizen-appearance.ts:19-51（只有普通外观）",复用身体/衣装/头饰母版，制作装配配置；无需每职业重复Tripo整人,只读Citizen.id/position/state/role + extension.actorProfiles.age/alive；拟visualDescriptor/骨骼socket；不写模拟或碰撞,CHAR-059,衣装=CHAR-138，佩戴=CHAR-100；绑定职业只读状态；同人换职业保持id/外观种子，不新增model,职业由剪裁/标识/持物辨认；不能单靠换色；年龄/体型全套贴合，权限/工资/库存规则不受装扮改变
CHAR-173,丧礼亲友可复用穿搭组合,身份与生活穿搭,组合模板,真实家庭葬礼,缺失待制,"src/simulation/family.ts:47,448-461；src/rendering/citizen-appearance.ts:19-51（只有普通外观）",复用身体/衣装/头饰母版，制作装配配置；无需每职业重复Tripo整人,只读Citizen.id/position/state/role + extension.actorProfiles.age/alive；拟visualDescriptor/骨骼socket；不写模拟或碰撞,CHAR-059,衣装=CHAR-139，佩戴=CHAR-141；绑定职业只读状态；同人换职业保持id/外观种子，不新增model,职业由剪裁/标识/持物辨认；不能单靠换色；年龄/体型全套贴合，权限/工资/库存规则不受装扮改变
CHAR-174,医馆患者可复用穿搭组合,身份与生活穿搭,组合模板,诊疗/康复,缺失待制,"提示词.md:11,61,101,109；src/types.ts:12,24；src/simulation/player-labor.ts:25-30；src/rendering/citizen-appearance.ts:20-22（现身份只有有限色/帽映射）",复用身体/衣装/头饰母版，制作装配配置；无需每职业重复Tripo整人,只读Citizen.id/position/state/role + extension.actorProfiles.age/alive；拟visualDescriptor/骨骼socket；不写模拟或碰撞,CHAR-059,衣装=CHAR-124，佩戴=CHAR-145；绑定职业只读状态；同人换职业保持id/外观种子，不新增model,职业由剪裁/标识/持物辨认；不能单靠换色；年龄/体型全套贴合，权限/工资/库存规则不受装扮改变
CHAR-175,玩家第一人称职业持物装配,玩家呈现,组合模板,步行/驾驶/现场工作,缺失待制,"src/controller.ts:13,119；src/types.ts:29；src/rendering/citizen-appearance.ts:124（当前未绘玩家手部）",统一双手母版与手持socket配置,只读Citizen.id/position/state/role + extension.actorProfiles.age/alive；拟visualDescriptor/骨骼socket；不写模拟或碰撞,CHAR-075,从玩家role/实际inventory/操作读显示；不把UI按键成功视作手部动作已存在,镜头不被手部遮满；每持物正确比例/握持点，空手回退；背包无该物不得凭空显示
CHAR-176,玩家完整身体复用装配,玩家呈现,组合模板,无人机观察/角色自我呈现,缺失待制,"提示词.md:7,65；src/types.ts:29；src/rendering/citizen-appearance.ts:124（只消费citizens）",玩家适配到共同身体/衣发装配协议,只读Citizen.id/position/state/role + extension.actorProfiles.age/alive；拟visualDescriptor/骨骼socket；不写模拟或碰撞,CHAR-059,与NPC共用母版；相机/外观选择适配不写保护玩法状态,玩家身体可见策略清楚，不遮挡第一人称；身体/手部同色同衣；不得声称第三人称玩法已实现
CHAR-177,角色手持油纸/科技伞母版,角色生活与职业持物,基础组件,雨天通勤,缺失待制,"提示词.md:57,65,79；开发备忘录.md:322；src/rendering/citizen-appearance.ts:42,49（现只有块手/挎包，无手持socket物）",先单件细体素概念图与尺度核形，再Tripo图生视觉件候选/手工体素建模；离线验GLB、硬边、平面法线与5cm细格，不改0.2m玩法网格,只读Citizen.id/position/state/role + extension.actorProfiles.age/alive；拟visualDescriptor/骨骼socket；不写模拟或碰撞；拟hand/socket、道具握持矩阵；有库存/流程时只读实际物权,CHAR-177,仅角色佩戴/持用视觉母版；与总表固定/陈列同物件应共用主母版，不重复计几何,近景有可辨的细体素轮廓、五官/拼接层次；5cm细格与硬边法线，无粗大方块替代；米制原点/朝向一致，绑定与LOD同形；不改受保护身体净空；握持点/原点明确，手部不穿物；没有物权/业务状态时不凭空显示
CHAR-178,角色手持拐杖母版,角色生活与职业持物,基础组件,老年/康复,缺失待制,"提示词.md:57,65,79；开发备忘录.md:322；src/rendering/citizen-appearance.ts:42,49（现只有块手/挎包，无手持socket物）",先单件细体素概念图与尺度核形，再Tripo图生视觉件候选/手工体素建模；离线验GLB、硬边、平面法线与5cm细格，不改0.2m玩法网格,只读Citizen.id/position/state/role + extension.actorProfiles.age/alive；拟visualDescriptor/骨骼socket；不写模拟或碰撞；拟hand/socket、道具握持矩阵；有库存/流程时只读实际物权,CHAR-178,仅角色佩戴/持用视觉母版；与总表固定/陈列同物件应共用主母版，不重复计几何,近景有可辨的细体素轮廓、五官/拼接层次；5cm细格与硬边法线，无粗大方块替代；米制原点/朝向一致，绑定与LOD同形；不改受保护身体净空；握持点/原点明确，手部不穿物；没有物权/业务状态时不凭空显示
CHAR-179,角色手持腋拐母版,角色生活与职业持物,基础组件,医疗康复,缺失待制,"提示词.md:57,65,79；开发备忘录.md:322；src/rendering/citizen-appearance.ts:42,49（现只有块手/挎包，无手持socket物）",先单件细体素概念图与尺度核形，再Tripo图生视觉件候选/手工体素建模；离线验GLB、硬边、平面法线与5cm细格，不改0.2m玩法网格,只读Citizen.id/position/state/role + extension.actorProfiles.age/alive；拟visualDescriptor/骨骼socket；不写模拟或碰撞；拟hand/socket、道具握持矩阵；有库存/流程时只读实际物权,CHAR-179,仅角色佩戴/持用视觉母版；与总表固定/陈列同物件应共用主母版，不重复计几何,近景有可辨的细体素轮廓、五官/拼接层次；5cm细格与硬边法线，无粗大方块替代；米制原点/朝向一致，绑定与LOD同形；不改受保护身体净空；握持点/原点明确，手部不穿物；没有物权/业务状态时不凭空显示
CHAR-180,角色手提购物袋母版,角色生活与职业持物,基础组件,真实购物,缺失待制,"提示词.md:57,65,79；开发备忘录.md:322；src/rendering/citizen-appearance.ts:42,49（现只有块手/挎包，无手持socket物）",先单件细体素概念图与尺度核形，再Tripo图生视觉件候选/手工体素建模；离线验GLB、硬边、平面法线与5cm细格，不改0.2m玩法网格,只读Citizen.id/position/state/role + extension.actorProfiles.age/alive；拟visualDescriptor/骨骼socket；不写模拟或碰撞；拟hand/socket、道具握持矩阵；有库存/流程时只读实际物权,CHAR-180,仅角色佩戴/持用视觉母版；与总表固定/陈列同物件应共用主母版，不重复计几何,近景有可辨的细体素轮廓、五官/拼接层次；5cm细格与硬边法线，无粗大方块替代；米制原点/朝向一致，绑定与LOD同形；不改受保护身体净空；握持点/原点明确，手部不穿物；没有物权/业务状态时不凭空显示
CHAR-181,角色手持食品包母版,角色生活与职业持物,基础组件,食品消费/赠食,缺失待制,"提示词.md:57,65,79；开发备忘录.md:322；src/rendering/citizen-appearance.ts:42,49（现只有块手/挎包，无手持socket物）",先单件细体素概念图与尺度核形，再Tripo图生视觉件候选/手工体素建模；离线验GLB、硬边、平面法线与5cm细格，不改0.2m玩法网格,只读Citizen.id/position/state/role + extension.actorProfiles.age/alive；拟visualDescriptor/骨骼socket；不写模拟或碰撞；拟hand/socket、道具握持矩阵；有库存/流程时只读实际物权,CHAR-181,仅角色佩戴/持用视觉母版；与总表固定/陈列同物件应共用主母版，不重复计几何,近景有可辨的细体素轮廓、五官/拼接层次；5cm细格与硬边法线，无粗大方块替代；米制原点/朝向一致，绑定与LOD同形；不改受保护身体净空；握持点/原点明确，手部不穿物；没有物权/业务状态时不凭空显示
CHAR-182,角色手持餐碗母版,角色生活与职业持物,基础组件,就餐,缺失待制,"提示词.md:57,65,79；开发备忘录.md:322；src/rendering/citizen-appearance.ts:42,49（现只有块手/挎包，无手持socket物）",先单件细体素概念图与尺度核形，再Tripo图生视觉件候选/手工体素建模；离线验GLB、硬边、平面法线与5cm细格，不改0.2m玩法网格,只读Citizen.id/position/state/role + extension.actorProfiles.age/alive；拟visualDescriptor/骨骼socket；不写模拟或碰撞；拟hand/socket、道具握持矩阵；有库存/流程时只读实际物权,CHAR-182,仅角色佩戴/持用视觉母版；与总表固定/陈列同物件应共用主母版，不重复计几何,近景有可辨的细体素轮廓、五官/拼接层次；5cm细格与硬边法线，无粗大方块替代；米制原点/朝向一致，绑定与LOD同形；不改受保护身体净空；握持点/原点明确，手部不穿物；没有物权/业务状态时不凭空显示
CHAR-183,角色手持筷子母版,角色生活与职业持物,基础组件,就餐,缺失待制,"提示词.md:57,65,79；开发备忘录.md:322；src/rendering/citizen-appearance.ts:42,49（现只有块手/挎包，无手持socket物）",先单件细体素概念图与尺度核形，再Tripo图生视觉件候选/手工体素建模；离线验GLB、硬边、平面法线与5cm细格，不改0.2m玩法网格,只读Citizen.id/position/state/role + extension.actorProfiles.age/alive；拟visualDescriptor/骨骼socket；不写模拟或碰撞；拟hand/socket、道具握持矩阵；有库存/流程时只读实际物权,CHAR-183,仅角色佩戴/持用视觉母版；与总表固定/陈列同物件应共用主母版，不重复计几何,近景有可辨的细体素轮廓、五官/拼接层次；5cm细格与硬边法线，无粗大方块替代；米制原点/朝向一致，绑定与LOD同形；不改受保护身体净空；握持点/原点明确，手部不穿物；没有物权/业务状态时不凭空显示
CHAR-184,角色手持茶杯水杯母版,角色生活与职业持物,基础组件,饮水/休闲,缺失待制,"提示词.md:57,65,79；开发备忘录.md:322；src/rendering/citizen-appearance.ts:42,49（现只有块手/挎包，无手持socket物）",先单件细体素概念图与尺度核形，再Tripo图生视觉件候选/手工体素建模；离线验GLB、硬边、平面法线与5cm细格，不改0.2m玩法网格,只读Citizen.id/position/state/role + extension.actorProfiles.age/alive；拟visualDescriptor/骨骼socket；不写模拟或碰撞；拟hand/socket、道具握持矩阵；有库存/流程时只读实际物权,CHAR-184,仅角色佩戴/持用视觉母版；与总表固定/陈列同物件应共用主母版，不重复计几何,近景有可辨的细体素轮廓、五官/拼接层次；5cm细格与硬边法线，无粗大方块替代；米制原点/朝向一致，绑定与LOD同形；不改受保护身体净空；握持点/原点明确，手部不穿物；没有物权/业务状态时不凭空显示
CHAR-185,角色手持烹饪勺母版,角色生活与职业持物,基础组件,烹饪,缺失待制,"提示词.md:57,65,79；开发备忘录.md:322；src/rendering/citizen-appearance.ts:42,49（现只有块手/挎包，无手持socket物）",先单件细体素概念图与尺度核形，再Tripo图生视觉件候选/手工体素建模；离线验GLB、硬边、平面法线与5cm细格，不改0.2m玩法网格,只读Citizen.id/position/state/role + extension.actorProfiles.age/alive；拟visualDescriptor/骨骼socket；不写模拟或碰撞；拟hand/socket、道具握持矩阵；有库存/流程时只读实际物权,CHAR-185,仅角色佩戴/持用视觉母版；与总表固定/陈列同物件应共用主母版，不重复计几何,近景有可辨的细体素轮廓、五官/拼接层次；5cm细格与硬边法线，无粗大方块替代；米制原点/朝向一致，绑定与LOD同形；不改受保护身体净空；握持点/原点明确，手部不穿物；没有物权/业务状态时不凭空显示
CHAR-186,角色手持扫帚母版,角色生活与职业持物,基础组件,家务/清洁,缺失待制,"提示词.md:57,65,79；开发备忘录.md:322；src/rendering/citizen-appearance.ts:42,49（现只有块手/挎包，无手持socket物）",先单件细体素概念图与尺度核形，再Tripo图生视觉件候选/手工体素建模；离线验GLB、硬边、平面法线与5cm细格，不改0.2m玩法网格,只读Citizen.id/position/state/role + extension.actorProfiles.age/alive；拟visualDescriptor/骨骼socket；不写模拟或碰撞；拟hand/socket、道具握持矩阵；有库存/流程时只读实际物权,CHAR-186,仅角色佩戴/持用视觉母版；与总表固定/陈列同物件应共用主母版，不重复计几何,近景有可辨的细体素轮廓、五官/拼接层次；5cm细格与硬边法线，无粗大方块替代；米制原点/朝向一致，绑定与LOD同形；不改受保护身体净空；握持点/原点明确，手部不穿物；没有物权/业务状态时不凭空显示
CHAR-187,角色手持抹布母版,角色生活与职业持物,基础组件,家务/清洁,缺失待制,"提示词.md:57,65,79；开发备忘录.md:322；src/rendering/citizen-appearance.ts:42,49（现只有块手/挎包，无手持socket物）",先单件细体素概念图与尺度核形，再Tripo图生视觉件候选/手工体素建模；离线验GLB、硬边、平面法线与5cm细格，不改0.2m玩法网格,只读Citizen.id/position/state/role + extension.actorProfiles.age/alive；拟visualDescriptor/骨骼socket；不写模拟或碰撞；拟hand/socket、道具握持矩阵；有库存/流程时只读实际物权,CHAR-187,仅角色佩戴/持用视觉母版；与总表固定/陈列同物件应共用主母版，不重复计几何,近景有可辨的细体素轮廓、五官/拼接层次；5cm细格与硬边法线，无粗大方块替代；米制原点/朝向一致，绑定与LOD同形；不改受保护身体净空；握持点/原点明确，手部不穿物；没有物权/业务状态时不凭空显示
CHAR-188,角色提桶母版,角色生活与职业持物,基础组件,家务/田作,缺失待制,"提示词.md:57,65,79；开发备忘录.md:322；src/rendering/citizen-appearance.ts:42,49（现只有块手/挎包，无手持socket物）",先单件细体素概念图与尺度核形，再Tripo图生视觉件候选/手工体素建模；离线验GLB、硬边、平面法线与5cm细格，不改0.2m玩法网格,只读Citizen.id/position/state/role + extension.actorProfiles.age/alive；拟visualDescriptor/骨骼socket；不写模拟或碰撞；拟hand/socket、道具握持矩阵；有库存/流程时只读实际物权,CHAR-188,仅角色佩戴/持用视觉母版；与总表固定/陈列同物件应共用主母版，不重复计几何,近景有可辨的细体素轮廓、五官/拼接层次；5cm细格与硬边法线，无粗大方块替代；米制原点/朝向一致，绑定与LOD同形；不改受保护身体净空；握持点/原点明确，手部不穿物；没有物权/业务状态时不凭空显示
CHAR-189,教师/学生手持书册母版,角色生活与职业持物,基础组件,学习/阅读,缺失待制,"提示词.md:57,65,79；开发备忘录.md:322；src/rendering/citizen-appearance.ts:42,49（现只有块手/挎包，无手持socket物）",先单件细体素概念图与尺度核形，再Tripo图生视觉件候选/手工体素建模；离线验GLB、硬边、平面法线与5cm细格，不改0.2m玩法网格,只读Citizen.id/position/state/role + extension.actorProfiles.age/alive；拟visualDescriptor/骨骼socket；不写模拟或碰撞；拟hand/socket、道具握持矩阵；有库存/流程时只读实际物权,CHAR-189,仅角色佩戴/持用视觉母版；与总表固定/陈列同物件应共用主母版，不重复计几何,近景有可辨的细体素轮廓、五官/拼接层次；5cm细格与硬边法线，无粗大方块替代；米制原点/朝向一致，绑定与LOD同形；不改受保护身体净空；握持点/原点明确，手部不穿物；没有物权/业务状态时不凭空显示
CHAR-190,角色手持毛笔母版,角色生活与职业持物,基础组件,写作/教学,缺失待制,"提示词.md:57,65,79；开发备忘录.md:322；src/rendering/citizen-appearance.ts:42,49（现只有块手/挎包，无手持socket物）",先单件细体素概念图与尺度核形，再Tripo图生视觉件候选/手工体素建模；离线验GLB、硬边、平面法线与5cm细格，不改0.2m玩法网格,只读Citizen.id/position/state/role + extension.actorProfiles.age/alive；拟visualDescriptor/骨骼socket；不写模拟或碰撞；拟hand/socket、道具握持矩阵；有库存/流程时只读实际物权,CHAR-190,仅角色佩戴/持用视觉母版；与总表固定/陈列同物件应共用主母版，不重复计几何,近景有可辨的细体素轮廓、五官/拼接层次；5cm细格与硬边法线，无粗大方块替代；米制原点/朝向一致，绑定与LOD同形；不改受保护身体净空；握持点/原点明确，手部不穿物；没有物权/业务状态时不凭空显示
CHAR-191,角色手持终端母版,角色生活与职业持物,基础组件,政务/科研/交通,缺失待制,"提示词.md:57,65,79；开发备忘录.md:322；src/rendering/citizen-appearance.ts:42,49（现只有块手/挎包，无手持socket物）",先单件细体素概念图与尺度核形，再Tripo图生视觉件候选/手工体素建模；离线验GLB、硬边、平面法线与5cm细格，不改0.2m玩法网格,只读Citizen.id/position/state/role + extension.actorProfiles.age/alive；拟visualDescriptor/骨骼socket；不写模拟或碰撞；拟hand/socket、道具握持矩阵；有库存/流程时只读实际物权,CHAR-191,仅角色佩戴/持用视觉母版；与总表固定/陈列同物件应共用主母版，不重复计几何,近景有可辨的细体素轮廓、五官/拼接层次；5cm细格与硬边法线，无粗大方块替代；米制原点/朝向一致，绑定与LOD同形；不改受保护身体净空；握持点/原点明确，手部不穿物；没有物权/业务状态时不凭空显示
CHAR-192,角色手持记录板母版,角色生活与职业持物,基础组件,检查/医疗/工作,缺失待制,"提示词.md:57,65,79；开发备忘录.md:322；src/rendering/citizen-appearance.ts:42,49（现只有块手/挎包，无手持socket物）",先单件细体素概念图与尺度核形，再Tripo图生视觉件候选/手工体素建模；离线验GLB、硬边、平面法线与5cm细格，不改0.2m玩法网格,只读Citizen.id/position/state/role + extension.actorProfiles.age/alive；拟visualDescriptor/骨骼socket；不写模拟或碰撞；拟hand/socket、道具握持矩阵；有库存/流程时只读实际物权,CHAR-192,仅角色佩戴/持用视觉母版；与总表固定/陈列同物件应共用主母版，不重复计几何,近景有可辨的细体素轮廓、五官/拼接层次；5cm细格与硬边法线，无粗大方块替代；米制原点/朝向一致，绑定与LOD同形；不改受保护身体净空；握持点/原点明确，手部不穿物；没有物权/业务状态时不凭空显示
CHAR-193,医生佩戴与手持诊察器母版,角色生活与职业持物,基础组件,诊疗,缺失待制,"提示词.md:57,65,79；开发备忘录.md:322；src/rendering/citizen-appearance.ts:42,49（现只有块手/挎包，无手持socket物）",先单件细体素概念图与尺度核形，再Tripo图生视觉件候选/手工体素建模；离线验GLB、硬边、平面法线与5cm细格，不改0.2m玩法网格,只读Citizen.id/position/state/role + extension.actorProfiles.age/alive；拟visualDescriptor/骨骼socket；不写模拟或碰撞；拟hand/socket、道具握持矩阵；有库存/流程时只读实际物权,CHAR-193,仅角色佩戴/持用视觉母版；与总表固定/陈列同物件应共用主母版，不重复计几何,近景有可辨的细体素轮廓、五官/拼接层次；5cm细格与硬边法线，无粗大方块替代；米制原点/朝向一致，绑定与LOD同形；不改受保护身体净空；握持点/原点明确，手部不穿物；没有物权/业务状态时不凭空显示
CHAR-194,医护提携急救包母版,角色生活与职业持物,基础组件,诊疗/救援,缺失待制,"提示词.md:57,65,79；开发备忘录.md:322；src/rendering/citizen-appearance.ts:42,49（现只有块手/挎包，无手持socket物）",先单件细体素概念图与尺度核形，再Tripo图生视觉件候选/手工体素建模；离线验GLB、硬边、平面法线与5cm细格，不改0.2m玩法网格,只读Citizen.id/position/state/role + extension.actorProfiles.age/alive；拟visualDescriptor/骨骼socket；不写模拟或碰撞；拟hand/socket、道具握持矩阵；有库存/流程时只读实际物权,CHAR-194,仅角色佩戴/持用视觉母版；与总表固定/陈列同物件应共用主母版，不重复计几何,近景有可辨的细体素轮廓、五官/拼接层次；5cm细格与硬边法线，无粗大方块替代；米制原点/朝向一致，绑定与LOD同形；不改受保护身体净空；握持点/原点明确，手部不穿物；没有物权/业务状态时不凭空显示
CHAR-195,医生手持诊脉/扫描探头母版,角色生活与职业持物,基础组件,未来中式诊疗,缺失待制,"提示词.md:57,65,79；开发备忘录.md:322；src/rendering/citizen-appearance.ts:42,49（现只有块手/挎包，无手持socket物）",先单件细体素概念图与尺度核形，再Tripo图生视觉件候选/手工体素建模；离线验GLB、硬边、平面法线与5cm细格，不改0.2m玩法网格,只读Citizen.id/position/state/role + extension.actorProfiles.age/alive；拟visualDescriptor/骨骼socket；不写模拟或碰撞；拟hand/socket、道具握持矩阵；有库存/流程时只读实际物权,CHAR-195,仅角色佩戴/持用视觉母版；与总表固定/陈列同物件应共用主母版，不重复计几何,近景有可辨的细体素轮廓、五官/拼接层次；5cm细格与硬边法线，无粗大方块替代；米制原点/朝向一致，绑定与LOD同形；不改受保护身体净空；握持点/原点明确，手部不穿物；没有物权/业务状态时不凭空显示
CHAR-196,执勤手持照明器母版,角色生活与职业持物,基础组件,治安/夜间,缺失待制,"提示词.md:57,65,79；开发备忘录.md:322；src/rendering/citizen-appearance.ts:42,49（现只有块手/挎包，无手持socket物）",先单件细体素概念图与尺度核形，再Tripo图生视觉件候选/手工体素建模；离线验GLB、硬边、平面法线与5cm细格，不改0.2m玩法网格,只读Citizen.id/position/state/role + extension.actorProfiles.age/alive；拟visualDescriptor/骨骼socket；不写模拟或碰撞；拟hand/socket、道具握持矩阵；有库存/流程时只读实际物权,CHAR-196,仅角色佩戴/持用视觉母版；与总表固定/陈列同物件应共用主母版，不重复计几何,近景有可辨的细体素轮廓、五官/拼接层次；5cm细格与硬边法线，无粗大方块替代；米制原点/朝向一致，绑定与LOD同形；不改受保护身体净空；握持点/原点明确，手部不穿物；没有物权/业务状态时不凭空显示
CHAR-197,执勤手持通信器母版,角色生活与职业持物,基础组件,警务/交通调度,缺失待制,"提示词.md:57,65,79；开发备忘录.md:322；src/rendering/citizen-appearance.ts:42,49（现只有块手/挎包，无手持socket物）",先单件细体素概念图与尺度核形，再Tripo图生视觉件候选/手工体素建模；离线验GLB、硬边、平面法线与5cm细格，不改0.2m玩法网格,只读Citizen.id/position/state/role + extension.actorProfiles.age/alive；拟visualDescriptor/骨骼socket；不写模拟或碰撞；拟hand/socket、道具握持矩阵；有库存/流程时只读实际物权,CHAR-197,仅角色佩戴/持用视觉母版；与总表固定/陈列同物件应共用主母版，不重复计几何,近景有可辨的细体素轮廓、五官/拼接层次；5cm细格与硬边法线，无粗大方块替代；米制原点/朝向一致，绑定与LOD同形；不改受保护身体净空；握持点/原点明确，手部不穿物；没有物权/业务状态时不凭空显示
CHAR-198,警务手持勤务棍母版,角色生活与职业持物,基础组件,执法视觉；规则仍由治安系统,缺失待制,"提示词.md:57,65,79；开发备忘录.md:322；src/rendering/citizen-appearance.ts:42,49（现只有块手/挎包，无手持socket物）",先单件细体素概念图与尺度核形，再Tripo图生视觉件候选/手工体素建模；离线验GLB、硬边、平面法线与5cm细格，不改0.2m玩法网格,只读Citizen.id/position/state/role + extension.actorProfiles.age/alive；拟visualDescriptor/骨骼socket；不写模拟或碰撞；拟hand/socket、道具握持矩阵；有库存/流程时只读实际物权,CHAR-198,仅角色佩戴/持用视觉母版；与总表固定/陈列同物件应共用主母版，不重复计几何,近景有可辨的细体素轮廓、五官/拼接层次；5cm细格与硬边法线，无粗大方块替代；米制原点/朝向一致，绑定与LOD同形；不改受保护身体净空；握持点/原点明确，手部不穿物；没有物权/业务状态时不凭空显示
CHAR-199,维修手持扳手母版,角色生活与职业持物,基础组件,交通/能源维修,缺失待制,"提示词.md:57,65,79；开发备忘录.md:322；src/rendering/citizen-appearance.ts:42,49（现只有块手/挎包，无手持socket物）",先单件细体素概念图与尺度核形，再Tripo图生视觉件候选/手工体素建模；离线验GLB、硬边、平面法线与5cm细格，不改0.2m玩法网格,只读Citizen.id/position/state/role + extension.actorProfiles.age/alive；拟visualDescriptor/骨骼socket；不写模拟或碰撞；拟hand/socket、道具握持矩阵；有库存/流程时只读实际物权,CHAR-199,仅角色佩戴/持用视觉母版；与总表固定/陈列同物件应共用主母版，不重复计几何,近景有可辨的细体素轮廓、五官/拼接层次；5cm细格与硬边法线，无粗大方块替代；米制原点/朝向一致，绑定与LOD同形；不改受保护身体净空；握持点/原点明确，手部不穿物；没有物权/业务状态时不凭空显示
CHAR-200,工坊手持锤母版,角色生活与职业持物,基础组件,制造/施工,缺失待制,"提示词.md:57,65,79；开发备忘录.md:322；src/rendering/citizen-appearance.ts:42,49（现只有块手/挎包，无手持socket物）",先单件细体素概念图与尺度核形，再Tripo图生视觉件候选/手工体素建模；离线验GLB、硬边、平面法线与5cm细格，不改0.2m玩法网格,只读Citizen.id/position/state/role + extension.actorProfiles.age/alive；拟visualDescriptor/骨骼socket；不写模拟或碰撞；拟hand/socket、道具握持矩阵；有库存/流程时只读实际物权,CHAR-200,仅角色佩戴/持用视觉母版；与总表固定/陈列同物件应共用主母版，不重复计几何,近景有可辨的细体素轮廓、五官/拼接层次；5cm细格与硬边法线，无粗大方块替代；米制原点/朝向一致，绑定与LOD同形；不改受保护身体净空；握持点/原点明确，手部不穿物；没有物权/业务状态时不凭空显示
CHAR-201,农业手持锄母版,角色生活与职业持物,基础组件,田作,缺失待制,"提示词.md:57,65,79；开发备忘录.md:322；src/rendering/citizen-appearance.ts:42,49（现只有块手/挎包，无手持socket物）",先单件细体素概念图与尺度核形，再Tripo图生视觉件候选/手工体素建模；离线验GLB、硬边、平面法线与5cm细格，不改0.2m玩法网格,只读Citizen.id/position/state/role + extension.actorProfiles.age/alive；拟visualDescriptor/骨骼socket；不写模拟或碰撞；拟hand/socket、道具握持矩阵；有库存/流程时只读实际物权,CHAR-201,仅角色佩戴/持用视觉母版；与总表固定/陈列同物件应共用主母版，不重复计几何,近景有可辨的细体素轮廓、五官/拼接层次；5cm细格与硬边法线，无粗大方块替代；米制原点/朝向一致，绑定与LOD同形；不改受保护身体净空；握持点/原点明确，手部不穿物；没有物权/业务状态时不凭空显示
CHAR-202,农业手提采收篮母版,角色生活与职业持物,基础组件,田作/供应,缺失待制,"提示词.md:57,65,79；开发备忘录.md:322；src/rendering/citizen-appearance.ts:42,49（现只有块手/挎包，无手持socket物）",先单件细体素概念图与尺度核形，再Tripo图生视觉件候选/手工体素建模；离线验GLB、硬边、平面法线与5cm细格，不改0.2m玩法网格,只读Citizen.id/position/state/role + extension.actorProfiles.age/alive；拟visualDescriptor/骨骼socket；不写模拟或碰撞；拟hand/socket、道具握持矩阵；有库存/流程时只读实际物权,CHAR-202,仅角色佩戴/持用视觉母版；与总表固定/陈列同物件应共用主母版，不重复计几何,近景有可辨的细体素轮廓、五官/拼接层次；5cm细格与硬边法线，无粗大方块替代；米制原点/朝向一致，绑定与LOD同形；不改受保护身体净空；握持点/原点明确，手部不穿物；没有物权/业务状态时不凭空显示
CHAR-203,物流手抱包裹母版,角色生活与职业持物,基础组件,有限货运/搬运,缺失待制,"提示词.md:57,65,79；开发备忘录.md:322；src/rendering/citizen-appearance.ts:42,49（现只有块手/挎包，无手持socket物）",先单件细体素概念图与尺度核形，再Tripo图生视觉件候选/手工体素建模；离线验GLB、硬边、平面法线与5cm细格，不改0.2m玩法网格,只读Citizen.id/position/state/role + extension.actorProfiles.age/alive；拟visualDescriptor/骨骼socket；不写模拟或碰撞；拟hand/socket、道具握持矩阵；有库存/流程时只读实际物权,CHAR-203,仅角色佩戴/持用视觉母版；与总表固定/陈列同物件应共用主母版，不重复计几何,近景有可辨的细体素轮廓、五官/拼接层次；5cm细格与硬边法线，无粗大方块替代；米制原点/朝向一致，绑定与LOD同形；不改受保护身体净空；握持点/原点明确，手部不穿物；没有物权/业务状态时不凭空显示
CHAR-204,婚恋角色手持花束母版,角色生活与职业持物,基础组件,送礼/婚礼,缺失待制,"提示词.md:57,65,79；开发备忘录.md:322；src/rendering/citizen-appearance.ts:42,49（现只有块手/挎包，无手持socket物）",先单件细体素概念图与尺度核形，再Tripo图生视觉件候选/手工体素建模；离线验GLB、硬边、平面法线与5cm细格，不改0.2m玩法网格,只读Citizen.id/position/state/role + extension.actorProfiles.age/alive；拟visualDescriptor/骨骼socket；不写模拟或碰撞；拟hand/socket、道具握持矩阵；有库存/流程时只读实际物权,CHAR-204,仅角色佩戴/持用视觉母版；与总表固定/陈列同物件应共用主母版，不重复计几何,近景有可辨的细体素轮廓、五官/拼接层次；5cm细格与硬边法线，无粗大方块替代；米制原点/朝向一致，绑定与LOD同形；不改受保护身体净空；握持点/原点明确，手部不穿物；没有物权/业务状态时不凭空显示
CHAR-205,葬礼角色手持悼念花母版,角色生活与职业持物,基础组件,婚丧,缺失待制,"提示词.md:57,65,79；开发备忘录.md:322；src/rendering/citizen-appearance.ts:42,49（现只有块手/挎包，无手持socket物）",先单件细体素概念图与尺度核形，再Tripo图生视觉件候选/手工体素建模；离线验GLB、硬边、平面法线与5cm细格，不改0.2m玩法网格,只读Citizen.id/position/state/role + extension.actorProfiles.age/alive；拟visualDescriptor/骨骼socket；不写模拟或碰撞；拟hand/socket、道具握持矩阵；有库存/流程时只读实际物权,CHAR-205,仅角色佩戴/持用视觉母版；与总表固定/陈列同物件应共用主母版，不重复计几何,近景有可辨的细体素轮廓、五官/拼接层次；5cm细格与硬边法线，无粗大方块替代；米制原点/朝向一致，绑定与LOD同形；不改受保护身体净空；握持点/原点明确，手部不穿物；没有物权/业务状态时不凭空显示
CHAR-206,婴儿照护背带母版,角色生活与职业持物,基础组件,家庭照护,缺失待制,"提示词.md:57,65,79；开发备忘录.md:322；src/rendering/citizen-appearance.ts:42,49（现只有块手/挎包，无手持socket物）",先单件细体素概念图与尺度核形，再Tripo图生视觉件候选/手工体素建模；离线验GLB、硬边、平面法线与5cm细格，不改0.2m玩法网格,只读Citizen.id/position/state/role + extension.actorProfiles.age/alive；拟visualDescriptor/骨骼socket；不写模拟或碰撞；拟hand/socket、道具握持矩阵；有库存/流程时只读实际物权,CHAR-206,仅角色佩戴/持用视觉母版；与总表固定/陈列同物件应共用主母版，不重复计几何,近景有可辨的细体素轮廓、五官/拼接层次；5cm细格与硬边法线，无粗大方块替代；米制原点/朝向一致，绑定与LOD同形；不改受保护身体净空；握持点/原点明确，手部不穿物；没有物权/业务状态时不凭空显示
CHAR-207,角色手持牵引绳母版,角色生活与职业持物,基础组件,宠物日常,缺失待制,"提示词.md:57,65,79；开发备忘录.md:322；src/rendering/citizen-appearance.ts:42,49（现只有块手/挎包，无手持socket物）",先单件细体素概念图与尺度核形，再Tripo图生视觉件候选/手工体素建模；离线验GLB、硬边、平面法线与5cm细格，不改0.2m玩法网格,只读Citizen.id/position/state/role + extension.actorProfiles.age/alive；拟visualDescriptor/骨骼socket；不写模拟或碰撞；拟hand/socket、道具握持矩阵；有库存/流程时只读实际物权,CHAR-207,仅角色佩戴/持用视觉母版；与总表固定/陈列同物件应共用主母版，不重复计几何,近景有可辨的细体素轮廓、五官/拼接层次；5cm细格与硬边法线，无粗大方块替代；米制原点/朝向一致，绑定与LOD同形；不改受保护身体净空；握持点/原点明确，手部不穿物；没有物权/业务状态时不凭空显示
CHAR-208,角色手持宠物喂食包母版,角色生活与职业持物,基础组件,宠物日常,缺失待制,"提示词.md:57,65,79；开发备忘录.md:322；src/rendering/citizen-appearance.ts:42,49（现只有块手/挎包，无手持socket物）",先单件细体素概念图与尺度核形，再Tripo图生视觉件候选/手工体素建模；离线验GLB、硬边、平面法线与5cm细格，不改0.2m玩法网格,只读Citizen.id/position/state/role + extension.actorProfiles.age/alive；拟visualDescriptor/骨骼socket；不写模拟或碰撞；拟hand/socket、道具握持矩阵；有库存/流程时只读实际物权,CHAR-208,仅角色佩戴/持用视觉母版；与总表固定/陈列同物件应共用主母版，不重复计几何,近景有可辨的细体素轮廓、五官/拼接层次；5cm细格与硬边法线，无粗大方块替代；米制原点/朝向一致，绑定与LOD同形；不改受保护身体净空；握持点/原点明确，手部不穿物；没有物权/业务状态时不凭空显示
CHAR-209,呼吸与重心待机循环,角色动作与交互,动画特效,居民待机/近景,缺失待制,"提示词.md:57-59；src/rendering/citizen-appearance.ts:4,28-42,128-143（仅位移摆肢/坐姿/平躺，无骨骼动作库）",统一骨骼后人工关键帧/重定向；Tripo动画仅候选，须检查接触点、循环、位移和事件同步；未生成/未接入,只读权威活动/位置差/暂停、角色朝向；拟动画状态适配器/接触点；不得以动画驱动资金、身体路线或时间,CHAR-073,统一骨骼clip；复用同母版，参数速度不另扩成model,首尾/接触点正确，无穿地/穿座；暂停不推进；速度与权威位移一致；现场活动取消即退出；本地回放及真实状态驱动都验收，文件存在不算完成
CHAR-210,转头观察循环,角色动作与交互,动画特效,玩家/NPC交互,缺失待制,"提示词.md:57-59；src/rendering/citizen-appearance.ts:4,28-42,128-143（仅位移摆肢/坐姿/平躺，无骨骼动作库）",统一骨骼后人工关键帧/重定向；Tripo动画仅候选，须检查接触点、循环、位移和事件同步；未生成/未接入,只读权威活动/位置差/暂停、角色朝向；拟动画状态适配器/接触点；不得以动画驱动资金、身体路线或时间,CHAR-073,统一骨骼clip；复用同母版，参数速度不另扩成model,首尾/接触点正确，无穿地/穿座；暂停不推进；速度与权威位移一致；现场活动取消即退出；本地回放及真实状态驱动都验收，文件存在不算完成
CHAR-211,精细行走循环与脚掌落地,角色动作与交互,动画特效,人物移动,缺失待制,"提示词.md:57-59；src/rendering/citizen-appearance.ts:4,28-42,128-143（仅位移摆肢/坐姿/平躺，无骨骼动作库）",统一骨骼后人工关键帧/重定向；Tripo动画仅候选，须检查接触点、循环、位移和事件同步；未生成/未接入,只读权威活动/位置差/暂停、角色朝向；拟动画状态适配器/接触点；不得以动画驱动资金、身体路线或时间,CHAR-073,统一骨骼clip；复用同母版，参数速度不另扩成model,首尾/接触点正确，无穿地/穿座；暂停不推进；速度与权威位移一致；现场活动取消即退出；本地回放及真实状态驱动都验收，文件存在不算完成
CHAR-212,起步过渡,角色动作与交互,动画特效,真实路线启动,缺失待制,"提示词.md:57-59；src/rendering/citizen-appearance.ts:4,28-42,128-143（仅位移摆肢/坐姿/平躺，无骨骼动作库）",统一骨骼后人工关键帧/重定向；Tripo动画仅候选，须检查接触点、循环、位移和事件同步；未生成/未接入,只读权威活动/位置差/暂停、角色朝向；拟动画状态适配器/接触点；不得以动画驱动资金、身体路线或时间,CHAR-073,统一骨骼clip；复用同母版，参数速度不另扩成model,首尾/接触点正确，无穿地/穿座；暂停不推进；速度与权威位移一致；现场活动取消即退出；本地回放及真实状态驱动都验收，文件存在不算完成
CHAR-213,停步过渡,角色动作与交互,动画特效,到达/信号等待,缺失待制,"提示词.md:57-59；src/rendering/citizen-appearance.ts:4,28-42,128-143（仅位移摆肢/坐姿/平躺，无骨骼动作库）",统一骨骼后人工关键帧/重定向；Tripo动画仅候选，须检查接触点、循环、位移和事件同步；未生成/未接入,只读权威活动/位置差/暂停、角色朝向；拟动画状态适配器/接触点；不得以动画驱动资金、身体路线或时间,CHAR-073,统一骨骼clip；复用同母版，参数速度不另扩成model,首尾/接触点正确，无穿地/穿座；暂停不推进；速度与权威位移一致；现场活动取消即退出；本地回放及真实状态驱动都验收，文件存在不算完成
CHAR-214,原地小步转向,角色动作与交互,动画特效,路线转折/交互朝向,缺失待制,"提示词.md:57-59；src/rendering/citizen-appearance.ts:4,28-42,128-143（仅位移摆肢/坐姿/平躺，无骨骼动作库）",统一骨骼后人工关键帧/重定向；Tripo动画仅候选，须检查接触点、循环、位移和事件同步；未生成/未接入,只读权威活动/位置差/暂停、角色朝向；拟动画状态适配器/接触点；不得以动画驱动资金、身体路线或时间,CHAR-073,统一骨骼clip；复用同母版，参数速度不另扩成model,首尾/接触点正确，无穿地/穿座；暂停不推进；速度与权威位移一致；现场活动取消即退出；本地回放及真实状态驱动都验收，文件存在不算完成
CHAR-215,楼梯上行循环,角色动作与交互,动画特效,真实步行楼梯,缺失待制,"提示词.md:57-59；src/rendering/citizen-appearance.ts:4,28-42,128-143（仅位移摆肢/坐姿/平躺，无骨骼动作库）",统一骨骼后人工关键帧/重定向；Tripo动画仅候选，须检查接触点、循环、位移和事件同步；未生成/未接入,只读权威活动/位置差/暂停、角色朝向；拟动画状态适配器/接触点；不得以动画驱动资金、身体路线或时间,CHAR-073,统一骨骼clip；复用同母版，参数速度不另扩成model,首尾/接触点正确，无穿地/穿座；暂停不推进；速度与权威位移一致；现场活动取消即退出；本地回放及真实状态驱动都验收，文件存在不算完成
CHAR-216,楼梯下行循环,角色动作与交互,动画特效,真实步行楼梯,缺失待制,"提示词.md:57-59；src/rendering/citizen-appearance.ts:4,28-42,128-143（仅位移摆肢/坐姿/平躺，无骨骼动作库）",统一骨骼后人工关键帧/重定向；Tripo动画仅候选，须检查接触点、循环、位移和事件同步；未生成/未接入,只读权威活动/位置差/暂停、角色朝向；拟动画状态适配器/接触点；不得以动画驱动资金、身体路线或时间,CHAR-073,统一骨骼clip；复用同母版，参数速度不另扩成model,首尾/接触点正确，无穿地/穿座；暂停不推进；速度与权威位移一致；现场活动取消即退出；本地回放及真实状态驱动都验收，文件存在不算完成
CHAR-217,坡道行走脚部适配,角色动作与交互,动画特效,山城道路/坡道,缺失待制,"提示词.md:57-59；src/rendering/citizen-appearance.ts:4,28-42,128-143（仅位移摆肢/坐姿/平躺，无骨骼动作库）",统一骨骼后人工关键帧/重定向；Tripo动画仅候选，须检查接触点、循环、位移和事件同步；未生成/未接入,只读权威活动/位置差/暂停、角色朝向；拟动画状态适配器/接触点；不得以动画驱动资金、身体路线或时间,CHAR-073,统一骨骼clip；复用同母版，参数速度不另扩成model,首尾/接触点正确，无穿地/穿座；暂停不推进；速度与权威位移一致；现场活动取消即退出；本地回放及真实状态驱动都验收，文件存在不算完成
CHAR-218,疾行跑步循环,角色动作与交互,动画特效,冲突/应急；行速权限待接,缺失待制,"提示词.md:57-59；src/rendering/citizen-appearance.ts:4,28-42,128-143（仅位移摆肢/坐姿/平躺，无骨骼动作库）",统一骨骼后人工关键帧/重定向；Tripo动画仅候选，须检查接触点、循环、位移和事件同步；未生成/未接入,只读权威活动/位置差/暂停、角色朝向；拟动画状态适配器/接触点；不得以动画驱动资金、身体路线或时间,CHAR-073,统一骨骼clip；复用同母版，参数速度不另扩成model,首尾/接触点正确，无穿地/穿座；暂停不推进；速度与权威位移一致；现场活动取消即退出；本地回放及真实状态驱动都验收，文件存在不算完成
CHAR-219,老年步态循环,角色动作与交互,动画特效,衰老/扶杖,缺失待制,"提示词.md:57-59；src/rendering/citizen-appearance.ts:4,28-42,128-143（仅位移摆肢/坐姿/平躺，无骨骼动作库）",统一骨骼后人工关键帧/重定向；Tripo动画仅候选，须检查接触点、循环、位移和事件同步；未生成/未接入,只读权威活动/位置差/暂停、角色朝向；拟动画状态适配器/接触点；不得以动画驱动资金、身体路线或时间,CHAR-073,统一骨骼clip；复用同母版，参数速度不另扩成model,首尾/接触点正确，无穿地/穿座；暂停不推进；速度与权威位移一致；现场活动取消即退出；本地回放及真实状态驱动都验收，文件存在不算完成
CHAR-220,儿童步态循环,角色动作与交互,动画特效,上学/成长,缺失待制,"提示词.md:57-59；src/rendering/citizen-appearance.ts:4,28-42,128-143（仅位移摆肢/坐姿/平躺，无骨骼动作库）",统一骨骼后人工关键帧/重定向；Tripo动画仅候选，须检查接触点、循环、位移和事件同步；未生成/未接入,只读权威活动/位置差/暂停、角色朝向；拟动画状态适配器/接触点；不得以动画驱动资金、身体路线或时间,CHAR-074,统一骨骼clip；复用同母版，参数速度不另扩成model,首尾/接触点正确，无穿地/穿座；暂停不推进；速度与权威位移一致；现场活动取消即退出；本地回放及真实状态驱动都验收，文件存在不算完成
CHAR-221,婴儿爬行循环,角色动作与交互,动画特效,照护/成长；实际移动契约待接,缺失待制,"提示词.md:57-59；src/rendering/citizen-appearance.ts:4,28-42,128-143（仅位移摆肢/坐姿/平躺，无骨骼动作库）",统一骨骼后人工关键帧/重定向；Tripo动画仅候选，须检查接触点、循环、位移和事件同步；未生成/未接入,只读权威活动/位置差/暂停、角色朝向；拟动画状态适配器/接触点；不得以动画驱动资金、身体路线或时间,CHAR-074,统一骨骼clip；复用同母版，参数速度不另扩成model,首尾/接触点正确，无穿地/穿座；暂停不推进；速度与权威位移一致；现场活动取消即退出；本地回放及真实状态驱动都验收，文件存在不算完成
CHAR-222,站立到落座过渡,角色动作与交互,动画特效,休憩/乘车,缺失待制,"提示词.md:57-59；src/rendering/citizen-appearance.ts:4,28-42,128-143（仅位移摆肢/坐姿/平躺，无骨骼动作库）",统一骨骼后人工关键帧/重定向；Tripo动画仅候选，须检查接触点、循环、位移和事件同步；未生成/未接入,只读权威活动/位置差/暂停、角色朝向；拟动画状态适配器/接触点；不得以动画驱动资金、身体路线或时间,CHAR-073,统一骨骼clip；复用同母版，参数速度不另扩成model,首尾/接触点正确，无穿地/穿座；暂停不推进；速度与权威位移一致；现场活动取消即退出；本地回放及真实状态驱动都验收，文件存在不算完成
CHAR-223,坐姿呼吸与看向,角色动作与交互,动画特效,休憩/乘车,缺失待制,"提示词.md:57-59；src/rendering/citizen-appearance.ts:4,28-42,128-143（仅位移摆肢/坐姿/平躺，无骨骼动作库）",统一骨骼后人工关键帧/重定向；Tripo动画仅候选，须检查接触点、循环、位移和事件同步；未生成/未接入,只读权威活动/位置差/暂停、角色朝向；拟动画状态适配器/接触点；不得以动画驱动资金、身体路线或时间,CHAR-073,统一骨骼clip；复用同母版，参数速度不另扩成model,首尾/接触点正确，无穿地/穿座；暂停不推进；速度与权威位移一致；现场活动取消即退出；本地回放及真实状态驱动都验收，文件存在不算完成
CHAR-224,坐姿起身过渡,角色动作与交互,动画特效,休憩/乘车,缺失待制,"提示词.md:57-59；src/rendering/citizen-appearance.ts:4,28-42,128-143（仅位移摆肢/坐姿/平躺，无骨骼动作库）",统一骨骼后人工关键帧/重定向；Tripo动画仅候选，须检查接触点、循环、位移和事件同步；未生成/未接入,只读权威活动/位置差/暂停、角色朝向；拟动画状态适配器/接触点；不得以动画驱动资金、身体路线或时间,CHAR-073,统一骨骼clip；复用同母版，参数速度不另扩成model,首尾/接触点正确，无穿地/穿座；暂停不推进；速度与权威位移一致；现场活动取消即退出；本地回放及真实状态驱动都验收，文件存在不算完成
CHAR-225,上床/躺下过渡,角色动作与交互,动画特效,真实休息/诊疗,缺失待制,"提示词.md:57-59；src/rendering/citizen-appearance.ts:4,28-42,128-143（仅位移摆肢/坐姿/平躺，无骨骼动作库）",统一骨骼后人工关键帧/重定向；Tripo动画仅候选，须检查接触点、循环、位移和事件同步；未生成/未接入,只读权威活动/位置差/暂停、角色朝向；拟动画状态适配器/接触点；不得以动画驱动资金、身体路线或时间,CHAR-073,统一骨骼clip；复用同母版，参数速度不另扩成model,首尾/接触点正确，无穿地/穿座；暂停不推进；速度与权威位移一致；现场活动取消即退出；本地回放及真实状态驱动都验收，文件存在不算完成
CHAR-226,侧卧睡眠循环,角色动作与交互,动画特效,sleeping状态,缺失待制,"提示词.md:57-59；src/rendering/citizen-appearance.ts:4,28-42,128-143（仅位移摆肢/坐姿/平躺，无骨骼动作库）",统一骨骼后人工关键帧/重定向；Tripo动画仅候选，须检查接触点、循环、位移和事件同步；未生成/未接入,只读权威活动/位置差/暂停、角色朝向；拟动画状态适配器/接触点；不得以动画驱动资金、身体路线或时间,CHAR-073,统一骨骼clip；复用同母版，参数速度不另扩成model,首尾/接触点正确，无穿地/穿座；暂停不推进；速度与权威位移一致；现场活动取消即退出；本地回放及真实状态驱动都验收，文件存在不算完成
CHAR-227,醒来起床过渡,角色动作与交互,动画特效,睡眠/作息,缺失待制,"提示词.md:57-59；src/rendering/citizen-appearance.ts:4,28-42,128-143（仅位移摆肢/坐姿/平躺，无骨骼动作库）",统一骨骼后人工关键帧/重定向；Tripo动画仅候选，须检查接触点、循环、位移和事件同步；未生成/未接入,只读权威活动/位置差/暂停、角色朝向；拟动画状态适配器/接触点；不得以动画驱动资金、身体路线或时间,CHAR-073,统一骨骼clip；复用同母版，参数速度不另扩成model,首尾/接触点正确，无穿地/穿座；暂停不推进；速度与权威位移一致；现场活动取消即退出；本地回放及真实状态驱动都验收，文件存在不算完成
CHAR-228,向上取物动作,角色动作与交互,动画特效,购物/职业,缺失待制,"提示词.md:57-59；src/rendering/citizen-appearance.ts:4,28-42,128-143（仅位移摆肢/坐姿/平躺，无骨骼动作库）",统一骨骼后人工关键帧/重定向；Tripo动画仅候选，须检查接触点、循环、位移和事件同步；未生成/未接入,只读权威活动/位置差/暂停、角色朝向；拟动画状态适配器/接触点；不得以动画驱动资金、身体路线或时间,CHAR-073,统一骨骼clip；复用同母版，参数速度不另扩成model,首尾/接触点正确，无穿地/穿座；暂停不推进；速度与权威位移一致；现场活动取消即退出；本地回放及真实状态驱动都验收，文件存在不算完成
CHAR-229,俯身取物动作,角色动作与交互,动画特效,家务/物品,缺失待制,"提示词.md:57-59；src/rendering/citizen-appearance.ts:4,28-42,128-143（仅位移摆肢/坐姿/平躺，无骨骼动作库）",统一骨骼后人工关键帧/重定向；Tripo动画仅候选，须检查接触点、循环、位移和事件同步；未生成/未接入,只读权威活动/位置差/暂停、角色朝向；拟动画状态适配器/接触点；不得以动画驱动资金、身体路线或时间,CHAR-073,统一骨骼clip；复用同母版，参数速度不另扩成model,首尾/接触点正确，无穿地/穿座；暂停不推进；速度与权威位移一致；现场活动取消即退出；本地回放及真实状态驱动都验收，文件存在不算完成
CHAR-230,双手抱物行走循环,角色动作与交互,动画特效,有限货运,缺失待制,"提示词.md:57-59；src/rendering/citizen-appearance.ts:4,28-42,128-143（仅位移摆肢/坐姿/平躺，无骨骼动作库）",统一骨骼后人工关键帧/重定向；Tripo动画仅候选，须检查接触点、循环、位移和事件同步；未生成/未接入,只读权威活动/位置差/暂停、角色朝向；拟动画状态适配器/接触点；不得以动画驱动资金、身体路线或时间,CHAR-073,统一骨骼clip；复用同母版，参数速度不另扩成model,首尾/接触点正确，无穿地/穿座；暂停不推进；速度与权威位移一致；现场活动取消即退出；本地回放及真实状态驱动都验收，文件存在不算完成
CHAR-231,提袋行走姿态层,角色动作与交互,动画特效,购物/旅行,缺失待制,"提示词.md:57-59；src/rendering/citizen-appearance.ts:4,28-42,128-143（仅位移摆肢/坐姿/平躺，无骨骼动作库）",统一骨骼后人工关键帧/重定向；Tripo动画仅候选，须检查接触点、循环、位移和事件同步；未生成/未接入,只读权威活动/位置差/暂停、角色朝向；拟动画状态适配器/接触点；不得以动画驱动资金、身体路线或时间,CHAR-073,统一骨骼clip；复用同母版，参数速度不另扩成model,首尾/接触点正确，无穿地/穿座；暂停不推进；速度与权威位移一致；现场活动取消即退出；本地回放及真实状态驱动都验收，文件存在不算完成
CHAR-232,撑伞行走姿态层,角色动作与交互,动画特效,雨天通勤,缺失待制,"提示词.md:57-59；src/rendering/citizen-appearance.ts:4,28-42,128-143（仅位移摆肢/坐姿/平躺，无骨骼动作库）",统一骨骼后人工关键帧/重定向；Tripo动画仅候选，须检查接触点、循环、位移和事件同步；未生成/未接入,只读权威活动/位置差/暂停、角色朝向；拟动画状态适配器/接触点；不得以动画驱动资金、身体路线或时间,CHAR-073,统一骨骼clip；复用同母版，参数速度不另扩成model,首尾/接触点正确，无穿地/穿座；暂停不推进；速度与权威位移一致；现场活动取消即退出；本地回放及真实状态驱动都验收，文件存在不算完成
CHAR-233,拄杖行走接触循环,角色动作与交互,动画特效,老年/康复,缺失待制,"提示词.md:57-59；src/rendering/citizen-appearance.ts:4,28-42,128-143（仅位移摆肢/坐姿/平躺，无骨骼动作库）",统一骨骼后人工关键帧/重定向；Tripo动画仅候选，须检查接触点、循环、位移和事件同步；未生成/未接入,只读权威活动/位置差/暂停、角色朝向；拟动画状态适配器/接触点；不得以动画驱动资金、身体路线或时间,CHAR-073,统一骨骼clip；复用同母版，参数速度不另扩成model,首尾/接触点正确，无穿地/穿座；暂停不推进；速度与权威位移一致；现场活动取消即退出；本地回放及真实状态驱动都验收，文件存在不算完成
CHAR-234,伤患扶身行走,角色动作与交互,动画特效,健康/康复,缺失待制,"提示词.md:57-59；src/rendering/citizen-appearance.ts:4,28-42,128-143（仅位移摆肢/坐姿/平躺，无骨骼动作库）",统一骨骼后人工关键帧/重定向；Tripo动画仅候选，须检查接触点、循环、位移和事件同步；未生成/未接入,只读权威活动/位置差/暂停、角色朝向；拟动画状态适配器/接触点；不得以动画驱动资金、身体路线或时间,CHAR-073,统一骨骼clip；复用同母版，参数速度不另扩成model,首尾/接触点正确，无穿地/穿座；暂停不推进；速度与权威位移一致；现场活动取消即退出；本地回放及真实状态驱动都验收，文件存在不算完成
CHAR-235,持碗用筷就餐循环,角色动作与交互,动画特效,hunger/家庭餐,缺失待制,"提示词.md:57-59；src/rendering/citizen-appearance.ts:4,28-42,128-143（仅位移摆肢/坐姿/平躺，无骨骼动作库）",统一骨骼后人工关键帧/重定向；Tripo动画仅候选，须检查接触点、循环、位移和事件同步；未生成/未接入,只读权威活动/位置差/暂停、角色朝向；拟动画状态适配器/接触点；不得以动画驱动资金、身体路线或时间,CHAR-073,统一骨骼clip；复用同母版，参数速度不另扩成model,首尾/接触点正确，无穿地/穿座；暂停不推进；速度与权威位移一致；现场活动取消即退出；本地回放及真实状态驱动都验收，文件存在不算完成
CHAR-236,持杯饮用动作,角色动作与交互,动画特效,饮水/休闲；需求契约待接,缺失待制,"提示词.md:57-59；src/rendering/citizen-appearance.ts:4,28-42,128-143（仅位移摆肢/坐姿/平躺，无骨骼动作库）",统一骨骼后人工关键帧/重定向；Tripo动画仅候选，须检查接触点、循环、位移和事件同步；未生成/未接入,只读权威活动/位置差/暂停、角色朝向；拟动画状态适配器/接触点；不得以动画驱动资金、身体路线或时间,CHAR-073,统一骨骼clip；复用同母版，参数速度不另扩成model,首尾/接触点正确，无穿地/穿座；暂停不推进；速度与权威位移一致；现场活动取消即退出；本地回放及真实状态驱动都验收，文件存在不算完成
CHAR-237,翻锅/搅拌烹饪循环,角色动作与交互,动画特效,extension.cooking,缺失待制,"提示词.md:57-59；src/rendering/citizen-appearance.ts:4,28-42,128-143（仅位移摆肢/坐姿/平躺，无骨骼动作库）",统一骨骼后人工关键帧/重定向；Tripo动画仅候选，须检查接触点、循环、位移和事件同步；未生成/未接入,只读权威活动/位置差/暂停、角色朝向；拟动画状态适配器/接触点；不得以动画驱动资金、身体路线或时间,CHAR-073,统一骨骼clip；复用同母版，参数速度不另扩成model,首尾/接触点正确，无穿地/穿座；暂停不推进；速度与权威位移一致；现场活动取消即退出；本地回放及真实状态驱动都验收，文件存在不算完成
CHAR-238,扫地循环,角色动作与交互,动画特效,家务；行为契约待接,缺失待制,"提示词.md:57-59；src/rendering/citizen-appearance.ts:4,28-42,128-143（仅位移摆肢/坐姿/平躺，无骨骼动作库）",统一骨骼后人工关键帧/重定向；Tripo动画仅候选，须检查接触点、循环、位移和事件同步；未生成/未接入,只读权威活动/位置差/暂停、角色朝向；拟动画状态适配器/接触点；不得以动画驱动资金、身体路线或时间,CHAR-073,统一骨骼clip；复用同母版，参数速度不另扩成model,首尾/接触点正确，无穿地/穿座；暂停不推进；速度与权威位移一致；现场活动取消即退出；本地回放及真实状态驱动都验收，文件存在不算完成
CHAR-239,擦拭循环,角色动作与交互,动画特效,家务；行为契约待接,缺失待制,"提示词.md:57-59；src/rendering/citizen-appearance.ts:4,28-42,128-143（仅位移摆肢/坐姿/平躺，无骨骼动作库）",统一骨骼后人工关键帧/重定向；Tripo动画仅候选，须检查接触点、循环、位移和事件同步；未生成/未接入,只读权威活动/位置差/暂停、角色朝向；拟动画状态适配器/接触点；不得以动画驱动资金、身体路线或时间,CHAR-073,统一骨骼clip；复用同母版，参数速度不另扩成model,首尾/接触点正确，无穿地/穿座；暂停不推进；速度与权威位移一致；现场活动取消即退出；本地回放及真实状态驱动都验收，文件存在不算完成
CHAR-240,洗手洗脸动作,角色动作与交互,动画特效,卫生/美容；行为契约待接,缺失待制,"提示词.md:57-59；src/rendering/citizen-appearance.ts:4,28-42,128-143（仅位移摆肢/坐姿/平躺，无骨骼动作库）",统一骨骼后人工关键帧/重定向；Tripo动画仅候选，须检查接触点、循环、位移和事件同步；未生成/未接入,只读权威活动/位置差/暂停、角色朝向；拟动画状态适配器/接触点；不得以动画驱动资金、身体路线或时间,CHAR-073,统一骨骼clip；复用同母版，参数速度不另扩成model,首尾/接触点正确，无穿地/穿座；暂停不推进；速度与权威位移一致；现场活动取消即退出；本地回放及真实状态驱动都验收，文件存在不算完成
CHAR-241,持书阅读循环,角色动作与交互,动画特效,studying/文化现场阅读,缺失待制,"src/simulation/culture.ts:32-36,149,265-273；src/simulation.ts:963,967；src/rendering/citizen-appearance.ts:128（现场数据存在，无活动clip）",统一骨骼后人工关键帧/重定向；Tripo动画仅候选，须检查接触点、循环、位移和事件同步；未生成/未接入,只读权威活动/位置差/暂停、角色朝向；拟动画状态适配器/接触点；不得以动画驱动资金、身体路线或时间,CHAR-073,统一骨骼clip；复用同母版，参数速度不另扩成model,首尾/接触点正确，无穿地/穿座；暂停不推进；速度与权威位移一致；现场活动取消即退出；本地回放及真实状态驱动都验收，文件存在不算完成
CHAR-242,坐/站书写循环,角色动作与交互,动画特效,教学/文学创作,缺失待制,"src/simulation/culture.ts:32-36,149,265-273；src/simulation.ts:963,967；src/rendering/citizen-appearance.ts:128（现场数据存在，无活动clip）",统一骨骼后人工关键帧/重定向；Tripo动画仅候选，须检查接触点、循环、位移和事件同步；未生成/未接入,只读权威活动/位置差/暂停、角色朝向；拟动画状态适配器/接触点；不得以动画驱动资金、身体路线或时间,CHAR-073,统一骨骼clip；复用同母版，参数速度不另扩成model,首尾/接触点正确，无穿地/穿座；暂停不推进；速度与权威位移一致；现场活动取消即退出；本地回放及真实状态驱动都验收，文件存在不算完成
CHAR-243,教师示讲手势循环,角色动作与交互,动画特效,school服务分钟,缺失待制,"src/simulation/culture.ts:32-36,149,265-273；src/simulation.ts:963,967；src/rendering/citizen-appearance.ts:128（现场数据存在，无活动clip）",统一骨骼后人工关键帧/重定向；Tripo动画仅候选，须检查接触点、循环、位移和事件同步；未生成/未接入,只读权威活动/位置差/暂停、角色朝向；拟动画状态适配器/接触点；不得以动画驱动资金、身体路线或时间,CHAR-073,统一骨骼clip；复用同母版，参数速度不另扩成model,首尾/接触点正确，无穿地/穿座；暂停不推进；速度与权威位移一致；现场活动取消即退出；本地回放及真实状态驱动都验收，文件存在不算完成
CHAR-244,设备维修循环,角色动作与交互,动画特效,culture transport服务,缺失待制,"src/simulation/culture.ts:32-36,149,265-273；src/simulation.ts:963,967；src/rendering/citizen-appearance.ts:128（现场数据存在，无活动clip）",统一骨骼后人工关键帧/重定向；Tripo动画仅候选，须检查接触点、循环、位移和事件同步；未生成/未接入,只读权威活动/位置差/暂停、角色朝向；拟动画状态适配器/接触点；不得以动画驱动资金、身体路线或时间,CHAR-073,统一骨骼clip；复用同母版，参数速度不另扩成model,首尾/接触点正确，无穿地/穿座；暂停不推进；速度与权威位移一致；现场活动取消即退出；本地回放及真实状态驱动都验收，文件存在不算完成
CHAR-245,工坊敲锤劳动循环,角色动作与交互,动画特效,working/施工,缺失待制,"提示词.md:57-59；src/rendering/citizen-appearance.ts:4,28-42,128-143（仅位移摆肢/坐姿/平躺，无骨骼动作库）",统一骨骼后人工关键帧/重定向；Tripo动画仅候选，须检查接触点、循环、位移和事件同步；未生成/未接入,只读权威活动/位置差/暂停、角色朝向；拟动画状态适配器/接触点；不得以动画驱动资金、身体路线或时间,CHAR-073,统一骨骼clip；复用同母版，参数速度不另扩成model,首尾/接触点正确，无穿地/穿座；暂停不推进；速度与权威位移一致；现场活动取消即退出；本地回放及真实状态驱动都验收，文件存在不算完成
CHAR-246,田作挥锄循环,角色动作与交互,动画特效,农场工作,缺失待制,"提示词.md:57-59；src/rendering/citizen-appearance.ts:4,28-42,128-143（仅位移摆肢/坐姿/平躺，无骨骼动作库）",统一骨骼后人工关键帧/重定向；Tripo动画仅候选，须检查接触点、循环、位移和事件同步；未生成/未接入,只读权威活动/位置差/暂停、角色朝向；拟动画状态适配器/接触点；不得以动画驱动资金、身体路线或时间,CHAR-073,统一骨骼clip；复用同母版，参数速度不另扩成model,首尾/接触点正确，无穿地/穿座；暂停不推进；速度与权威位移一致；现场活动取消即退出；本地回放及真实状态驱动都验收，文件存在不算完成
CHAR-247,采收与入篮循环,角色动作与交互,动画特效,农场生产；产出仍由模拟,缺失待制,"提示词.md:57-59；src/rendering/citizen-appearance.ts:4,28-42,128-143（仅位移摆肢/坐姿/平躺，无骨骼动作库）",统一骨骼后人工关键帧/重定向；Tripo动画仅候选，须检查接触点、循环、位移和事件同步；未生成/未接入,只读权威活动/位置差/暂停、角色朝向；拟动画状态适配器/接触点；不得以动画驱动资金、身体路线或时间,CHAR-073,统一骨骼clip；复用同母版，参数速度不另扩成model,首尾/接触点正确，无穿地/穿座；暂停不推进；速度与权威位移一致；现场活动取消即退出；本地回放及真实状态驱动都验收，文件存在不算完成
CHAR-248,柜台购买/递接动作,角色动作与交互,动画特效,真实商铺sale,缺失待制,"提示词.md:57-59；src/rendering/citizen-appearance.ts:4,28-42,128-143（仅位移摆肢/坐姿/平躺，无骨骼动作库）",统一骨骼后人工关键帧/重定向；Tripo动画仅候选，须检查接触点、循环、位移和事件同步；未生成/未接入,只读权威活动/位置差/暂停、角色朝向；拟动画状态适配器/接触点；不得以动画驱动资金、身体路线或时间,CHAR-073,统一骨骼clip；复用同母版，参数速度不另扩成model,首尾/接触点正确，无穿地/穿座；暂停不推进；速度与权威位移一致；现场活动取消即退出；本地回放及真实状态驱动都验收，文件存在不算完成
CHAR-249,手持终端核对动作,角色动作与交互,动画特效,治理/金融/交通职业,缺失待制,"提示词.md:57-59；src/rendering/citizen-appearance.ts:4,28-42,128-143（仅位移摆肢/坐姿/平躺，无骨骼动作库）",统一骨骼后人工关键帧/重定向；Tripo动画仅候选，须检查接触点、循环、位移和事件同步；未生成/未接入,只读权威活动/位置差/暂停、角色朝向；拟动画状态适配器/接触点；不得以动画驱动资金、身体路线或时间,CHAR-073,统一骨骼clip；复用同母版，参数速度不另扩成model,首尾/接触点正确，无穿地/穿座；暂停不推进；速度与权威位移一致；现场活动取消即退出；本地回放及真实状态驱动都验收，文件存在不算完成
CHAR-250,警务巡逻观察姿态,角色动作与交互,动画特效,真实巡逻/响应,缺失待制,src/simulation.ts:904；src/rendering/citizen-appearance.ts:128（responding会真实移动但walking只识别moving）,统一骨骼后人工关键帧/重定向；Tripo动画仅候选，须检查接触点、循环、位移和事件同步；未生成/未接入,只读权威活动/位置差/暂停、角色朝向；拟动画状态适配器/接触点；不得以动画驱动资金、身体路线或时间,CHAR-073,统一骨骼clip；复用同母版，参数速度不另扩成model,首尾/接触点正确，无穿地/穿座；暂停不推进；速度与权威位移一致；现场活动取消即退出；本地回放及真实状态驱动都验收，文件存在不算完成
CHAR-251,低身检查/记录动作,角色动作与交互,动画特效,investigating状态,缺失待制,src/simulation.ts:904；src/rendering/citizen-appearance.ts:128（responding会真实移动但walking只识别moving）,统一骨骼后人工关键帧/重定向；Tripo动画仅候选，须检查接触点、循环、位移和事件同步；未生成/未接入,只读权威活动/位置差/暂停、角色朝向；拟动画状态适配器/接触点；不得以动画驱动资金、身体路线或时间,CHAR-073,统一骨骼clip；复用同母版，参数速度不另扩成model,首尾/接触点正确，无穿地/穿座；暂停不推进；速度与权威位移一致；现场活动取消即退出；本地回放及真实状态驱动都验收，文件存在不算完成
CHAR-252,守卫执勤致礼动作,角色动作与交互,动画特效,士兵/职业交互,缺失待制,"提示词.md:57-59；src/rendering/citizen-appearance.ts:4,28-42,128-143（仅位移摆肢/坐姿/平躺，无骨骼动作库）",统一骨骼后人工关键帧/重定向；Tripo动画仅候选，须检查接触点、循环、位移和事件同步；未生成/未接入,只读权威活动/位置差/暂停、角色朝向；拟动画状态适配器/接触点；不得以动画驱动资金、身体路线或时间,CHAR-073,统一骨骼clip；复用同母版，参数速度不另扩成model,首尾/接触点正确，无穿地/穿座；暂停不推进；速度与权威位移一致；现场活动取消即退出；本地回放及真实状态驱动都验收，文件存在不算完成
CHAR-253,医生问诊检查循环,角色动作与交互,动画特效,clinical共同现场分钟,缺失待制,"src/simulation/clinical.ts:67-76,104-115；src/simulation.ts:971；src/rendering/citizen-appearance.ts:128（仅坐/走/死分支）",统一骨骼后人工关键帧/重定向；Tripo动画仅候选，须检查接触点、循环、位移和事件同步；未生成/未接入,只读权威活动/位置差/暂停、角色朝向；拟动画状态适配器/接触点；不得以动画驱动资金、身体路线或时间,CHAR-073,统一骨骼clip；复用同母版，参数速度不另扩成model,首尾/接触点正确，无穿地/穿座；暂停不推进；速度与权威位移一致；现场活动取消即退出；本地回放及真实状态驱动都验收，文件存在不算完成
CHAR-254,医生诊察与患者接触配对,角色动作与交互,动画特效,clinical inTreatment,缺失待制,"src/simulation/clinical.ts:67-76,104-115；src/simulation.ts:971；src/rendering/citizen-appearance.ts:128（仅坐/走/死分支）",统一骨骼后人工关键帧/重定向；Tripo动画仅候选，须检查接触点、循环、位移和事件同步；未生成/未接入,只读权威活动/位置差/暂停、角色朝向；拟动画状态适配器/接触点；不得以动画驱动资金、身体路线或时间,CHAR-073,统一骨骼clip；复用同母版，参数速度不另扩成model,首尾/接触点正确，无穿地/穿座；暂停不推进；速度与权威位移一致；现场活动取消即退出；本地回放及真实状态驱动都验收，文件存在不算完成
CHAR-255,护理包扎配对动作,角色动作与交互,动画特效,医护/康复；护理职员契约待接,缺失待制,"src/simulation/clinical.ts:67-76,104-115；src/simulation.ts:971；src/rendering/citizen-appearance.ts:128（仅坐/走/死分支）",统一骨骼后人工关键帧/重定向；Tripo动画仅候选，须检查接触点、循环、位移和事件同步；未生成/未接入,只读权威活动/位置差/暂停、角色朝向；拟动画状态适配器/接触点；不得以动画驱动资金、身体路线或时间,CHAR-073,统一骨骼clip；复用同母版，参数速度不另扩成model,首尾/接触点正确，无穿地/穿座；暂停不推进；速度与权威位移一致；现场活动取消即退出；本地回放及真实状态驱动都验收，文件存在不算完成
CHAR-256,伤患休息循环,角色动作与交互,动画特效,healing/健康,缺失待制,"src/simulation/clinical.ts:67-76,104-115；src/simulation.ts:971；src/rendering/citizen-appearance.ts:128（仅坐/走/死分支）",统一骨骼后人工关键帧/重定向；Tripo动画仅候选，须检查接触点、循环、位移和事件同步；未生成/未接入,只读权威活动/位置差/暂停、角色朝向；拟动画状态适配器/接触点；不得以动画驱动资金、身体路线或时间,CHAR-073,统一骨骼clip；复用同母版，参数速度不另扩成model,首尾/接触点正确，无穿地/穿座；暂停不推进；速度与权威位移一致；现场活动取消即退出；本地回放及真实状态驱动都验收，文件存在不算完成
CHAR-257,亲友安慰配对动作,角色动作与交互,动画特效,关系/家庭/心理,缺失待制,"提示词.md:57-59；src/rendering/citizen-appearance.ts:4,28-42,128-143（仅位移摆肢/坐姿/平躺，无骨骼动作库）",统一骨骼后人工关键帧/重定向；Tripo动画仅候选，须检查接触点、循环、位移和事件同步；未生成/未接入,只读权威活动/位置差/暂停、角色朝向；拟动画状态适配器/接触点；不得以动画驱动资金、身体路线或时间,CHAR-073,统一骨骼clip；复用同母版，参数速度不另扩成model,首尾/接触点正确，无穿地/穿座；暂停不推进；速度与权威位移一致；现场活动取消即退出；本地回放及真实状态驱动都验收，文件存在不算完成
CHAR-258,交谈招手问候,角色动作与交互,动画特效,socializing,缺失待制,"提示词.md:57-59；src/rendering/citizen-appearance.ts:4,28-42,128-143（仅位移摆肢/坐姿/平躺，无骨骼动作库）",统一骨骼后人工关键帧/重定向；Tripo动画仅候选，须检查接触点、循环、位移和事件同步；未生成/未接入,只读权威活动/位置差/暂停、角色朝向；拟动画状态适配器/接触点；不得以动画驱动资金、身体路线或时间,CHAR-073,统一骨骼clip；复用同母版，参数速度不另扩成model,首尾/接触点正确，无穿地/穿座；暂停不推进；速度与权威位移一致；现场活动取消即退出；本地回放及真实状态驱动都验收，文件存在不算完成
CHAR-259,说话手势循环,角色动作与交互,动画特效,关系/日常交互,缺失待制,"提示词.md:57-59；src/rendering/citizen-appearance.ts:4,28-42,128-143（仅位移摆肢/坐姿/平躺，无骨骼动作库）",统一骨骼后人工关键帧/重定向；Tripo动画仅候选，须检查接触点、循环、位移和事件同步；未生成/未接入,只读权威活动/位置差/暂停、角色朝向；拟动画状态适配器/接触点；不得以动画驱动资金、身体路线或时间,CHAR-073,统一骨骼clip；复用同母版，参数速度不另扩成model,首尾/接触点正确，无穿地/穿座；暂停不推进；速度与权威位移一致；现场活动取消即退出；本地回放及真实状态驱动都验收，文件存在不算完成
CHAR-260,握手配对动作,角色动作与交互,动画特效,合作/社交,缺失待制,"提示词.md:57-59；src/rendering/citizen-appearance.ts:4,28-42,128-143（仅位移摆肢/坐姿/平躺，无骨骼动作库）",统一骨骼后人工关键帧/重定向；Tripo动画仅候选，须检查接触点、循环、位移和事件同步；未生成/未接入,只读权威活动/位置差/暂停、角色朝向；拟动画状态适配器/接触点；不得以动画驱动资金、身体路线或时间,CHAR-073,统一骨骼clip；复用同母版，参数速度不另扩成model,首尾/接触点正确，无穿地/穿座；暂停不推进；速度与权威位移一致；现场活动取消即退出；本地回放及真实状态驱动都验收，文件存在不算完成
CHAR-261,赠物与收物配对动作,角色动作与交互,动画特效,gift/食品物权,缺失待制,"提示词.md:57-59；src/rendering/citizen-appearance.ts:4,28-42,128-143（仅位移摆肢/坐姿/平躺，无骨骼动作库）",统一骨骼后人工关键帧/重定向；Tripo动画仅候选，须检查接触点、循环、位移和事件同步；未生成/未接入,只读权威活动/位置差/暂停、角色朝向；拟动画状态适配器/接触点；不得以动画驱动资金、身体路线或时间,CHAR-073,统一骨骼clip；复用同母版，参数速度不另扩成model,首尾/接触点正确，无穿地/穿座；暂停不推进；速度与权威位移一致；现场活动取消即退出；本地回放及真实状态驱动都验收，文件存在不算完成
CHAR-262,拥抱配对动作,角色动作与交互,动画特效,亲友/婚恋；需双方情境同意,缺失待制,"提示词.md:57-59；src/rendering/citizen-appearance.ts:4,28-42,128-143（仅位移摆肢/坐姿/平躺，无骨骼动作库）",统一骨骼后人工关键帧/重定向；Tripo动画仅候选，须检查接触点、循环、位移和事件同步；未生成/未接入,只读权威活动/位置差/暂停、角色朝向；拟动画状态适配器/接触点；不得以动画驱动资金、身体路线或时间,CHAR-073,统一骨骼clip；复用同母版，参数速度不另扩成model,首尾/接触点正确，无穿地/穿座；暂停不推进；速度与权威位移一致；现场活动取消即退出；本地回放及真实状态驱动都验收，文件存在不算完成
CHAR-263,表白/求婚手势配对,角色动作与交互,动画特效,court/propose；规则决定结果,缺失待制,"提示词.md:57-59；src/rendering/citizen-appearance.ts:4,28-42,128-143（仅位移摆肢/坐姿/平躺，无骨骼动作库）",统一骨骼后人工关键帧/重定向；Tripo动画仅候选，须检查接触点、循环、位移和事件同步；未生成/未接入,只读权威活动/位置差/暂停、角色朝向；拟动画状态适配器/接触点；不得以动画驱动资金、身体路线或时间,CHAR-073,统一骨骼clip；复用同母版，参数速度不另扩成model,首尾/接触点正确，无穿地/穿座；暂停不推进；速度与权威位移一致；现场活动取消即退出；本地回放及真实状态驱动都验收，文件存在不算完成
CHAR-264,拒绝与回避手势,角色动作与交互,动画特效,关系/冲突,缺失待制,"提示词.md:57-59；src/rendering/citizen-appearance.ts:4,28-42,128-143（仅位移摆肢/坐姿/平躺，无骨骼动作库）",统一骨骼后人工关键帧/重定向；Tripo动画仅候选，须检查接触点、循环、位移和事件同步；未生成/未接入,只读权威活动/位置差/暂停、角色朝向；拟动画状态适配器/接触点；不得以动画驱动资金、身体路线或时间,CHAR-073,统一骨骼clip；复用同母版，参数速度不另扩成model,首尾/接触点正确，无穿地/穿座；暂停不推进；速度与权威位移一致；现场活动取消即退出；本地回放及真实状态驱动都验收，文件存在不算完成
CHAR-265,争论指示手势,角色动作与交互,动画特效,conflict/仇敌,缺失待制,"提示词.md:57-59；src/rendering/citizen-appearance.ts:4,28-42,128-143（仅位移摆肢/坐姿/平躺，无骨骼动作库）",统一骨骼后人工关键帧/重定向；Tripo动画仅候选，须检查接触点、循环、位移和事件同步；未生成/未接入,只读权威活动/位置差/暂停、角色朝向；拟动画状态适配器/接触点；不得以动画驱动资金、身体路线或时间,CHAR-073,统一骨骼clip；复用同母版，参数速度不另扩成model,首尾/接触点正确，无穿地/穿座；暂停不推进；速度与权威位移一致；现场活动取消即退出；本地回放及真实状态驱动都验收，文件存在不算完成
CHAR-266,和解致意配对,角色动作与交互,动画特效,reconcile,缺失待制,"提示词.md:57-59；src/rendering/citizen-appearance.ts:4,28-42,128-143（仅位移摆肢/坐姿/平躺，无骨骼动作库）",统一骨骼后人工关键帧/重定向；Tripo动画仅候选，须检查接触点、循环、位移和事件同步；未生成/未接入,只读权威活动/位置差/暂停、角色朝向；拟动画状态适配器/接触点；不得以动画驱动资金、身体路线或时间,CHAR-073,统一骨骼clip；复用同母版，参数速度不另扩成model,首尾/接触点正确，无穿地/穿座；暂停不推进；速度与权威位移一致；现场活动取消即退出；本地回放及真实状态驱动都验收，文件存在不算完成
CHAR-267,抱婴儿与轻摇配对,角色动作与交互,动画特效,家庭照护,缺失待制,"提示词.md:75；src/simulation/family.ts:14-32,376-443；src/rendering/citizen-appearance.ts:15,20-21（生命数据已存在，非精细造型资产）",统一骨骼后人工关键帧/重定向；Tripo动画仅候选，须检查接触点、循环、位移和事件同步；未生成/未接入,只读权威活动/位置差/暂停、角色朝向；拟动画状态适配器/接触点；不得以动画驱动资金、身体路线或时间,CHAR-073,统一骨骼clip；复用同母版，参数速度不另扩成model,首尾/接触点正确，无穿地/穿座；暂停不推进；速度与权威位移一致；现场活动取消即退出；本地回放及真实状态驱动都验收，文件存在不算完成
CHAR-268,照护者喂食配对,角色动作与交互,动画特效,family-food物权,缺失待制,"提示词.md:75；src/simulation/family.ts:14-32,376-443；src/rendering/citizen-appearance.ts:15,20-21（生命数据已存在，非精细造型资产）",统一骨骼后人工关键帧/重定向；Tripo动画仅候选，须检查接触点、循环、位移和事件同步；未生成/未接入,只读权威活动/位置差/暂停、角色朝向；拟动画状态适配器/接触点；不得以动画驱动资金、身体路线或时间,CHAR-073,统一骨骼clip；复用同母版，参数速度不另扩成model,首尾/接触点正确，无穿地/穿座；暂停不推进；速度与权威位移一致；现场活动取消即退出；本地回放及真实状态驱动都验收，文件存在不算完成
CHAR-269,幼儿游戏循环,角色动作与交互,动画特效,家庭/娱乐；行为契约待接,缺失待制,"提示词.md:75；src/simulation/family.ts:14-32,376-443；src/rendering/citizen-appearance.ts:15,20-21（生命数据已存在，非精细造型资产）",统一骨骼后人工关键帧/重定向；Tripo动画仅候选，须检查接触点、循环、位移和事件同步；未生成/未接入,只读权威活动/位置差/暂停、角色朝向；拟动画状态适配器/接触点；不得以动画驱动资金、身体路线或时间,CHAR-074,统一骨骼clip；复用同母版，参数速度不另扩成model,首尾/接触点正确，无穿地/穿座；暂停不推进；速度与权威位移一致；现场活动取消即退出；本地回放及真实状态驱动都验收，文件存在不算完成
CHAR-270,婚礼相对礼拜配对,角色动作与交互,动画特效,FamilyCeremony wedding,缺失待制,src/simulation/family.ts:448-461；src/simulation/extensions.ts:449-450；src/rendering/citizen-appearance.ts:128（无仪式动作）,统一骨骼后人工关键帧/重定向；Tripo动画仅候选，须检查接触点、循环、位移和事件同步；未生成/未接入,只读权威活动/位置差/暂停、角色朝向；拟动画状态适配器/接触点；不得以动画驱动资金、身体路线或时间,CHAR-073,统一骨骼clip；复用同母版，参数速度不另扩成model,首尾/接触点正确，无穿地/穿座；暂停不推进；速度与权威位移一致；现场活动取消即退出；本地回放及真实状态驱动都验收，文件存在不算完成
CHAR-271,亲友悼念致礼动作,角色动作与交互,动画特效,FamilyCeremony funeral,缺失待制,src/simulation/family.ts:448-461；src/simulation/extensions.ts:449-450；src/rendering/citizen-appearance.ts:128（无仪式动作）,统一骨骼后人工关键帧/重定向；Tripo动画仅候选，须检查接触点、循环、位移和事件同步；未生成/未接入,只读权威活动/位置差/暂停、角色朝向；拟动画状态适配器/接触点；不得以动画驱动资金、身体路线或时间,CHAR-073,统一骨骼clip；复用同母版，参数速度不另扩成model,首尾/接触点正确，无穿地/穿座；暂停不推进；速度与权威位移一致；现场活动取消即退出；本地回放及真实状态驱动都验收，文件存在不算完成
CHAR-272,悲伤擦泪动作,角色动作与交互,动画特效,mood/悼念,缺失待制,src/simulation/family.ts:448-461；src/simulation/extensions.ts:449-450；src/rendering/citizen-appearance.ts:128（无仪式动作）,统一骨骼后人工关键帧/重定向；Tripo动画仅候选，须检查接触点、循环、位移和事件同步；未生成/未接入,只读权威活动/位置差/暂停、角色朝向；拟动画状态适配器/接触点；不得以动画驱动资金、身体路线或时间,CHAR-073,统一骨骼clip；复用同母版，参数速度不另扩成model,首尾/接触点正确，无穿地/穿座；暂停不推进；速度与权威位移一致；现场活动取消即退出；本地回放及真实状态驱动都验收，文件存在不算完成
CHAR-273,庆祝鼓掌动作,角色动作与交互,动画特效,节庆/婚礼/活动,缺失待制,src/simulation/family.ts:448-461；src/simulation/extensions.ts:449-450；src/rendering/citizen-appearance.ts:128（无仪式动作）,统一骨骼后人工关键帧/重定向；Tripo动画仅候选，须检查接触点、循环、位移和事件同步；未生成/未接入,只读权威活动/位置差/暂停、角色朝向；拟动画状态适配器/接触点；不得以动画驱动资金、身体路线或时间,CHAR-073,统一骨骼clip；复用同母版，参数速度不另扩成model,首尾/接触点正确，无穿地/穿座；暂停不推进；速度与权威位移一致；现场活动取消即退出；本地回放及真实状态驱动都验收，文件存在不算完成
CHAR-274,死亡站立到倒地过渡,角色动作与交互,动画特效,alive变false；需地面接触且不修改死因,缺失待制,"提示词.md:57-59；src/rendering/citizen-appearance.ts:4,28-42,128-143（仅位移摆肢/坐姿/平躺，无骨骼动作库）",统一骨骼后人工关键帧/重定向；Tripo动画仅候选，须检查接触点、循环、位移和事件同步；未生成/未接入,只读权威活动/位置差/暂停、角色朝向；拟动画状态适配器/接触点；不得以动画驱动资金、身体路线或时间,CHAR-073,统一骨骼clip；复用同母版，参数速度不另扩成model,首尾/接触点正确，无穿地/穿座；暂停不推进；速度与权威位移一致；现场活动取消即退出；本地回放及真实状态驱动都验收，文件存在不算完成
CHAR-275,细体素遗体静止姿态,角色动作与交互,动画特效,death/葬前呈现,缺失待制,"提示词.md:57-59；src/rendering/citizen-appearance.ts:4,28-42,128-143（仅位移摆肢/坐姿/平躺，无骨骼动作库）",统一骨骼后人工关键帧/重定向；Tripo动画仅候选，须检查接触点、循环、位移和事件同步；未生成/未接入,只读权威活动/位置差/暂停、角色朝向；拟动画状态适配器/接触点；不得以动画驱动资金、身体路线或时间,CHAR-073,统一骨骼clip；复用同母版，参数速度不另扩成model,首尾/接触点正确，无穿地/穿座；暂停不推进；速度与权威位移一致；现场活动取消即退出；本地回放及真实状态驱动都验收，文件存在不算完成
CHAR-276,道路载具侧门登乘动作,角色动作与交互,动画特效,汽车/公交乘降,缺失待制,"提示词.md:43,121,115；src/types.ts:25,29,52；src/simulation.ts:912,944；src/rendering/citizen-appearance.ts:128（现直接riding坐姿，无乘降过渡）",统一骨骼后人工关键帧/重定向；Tripo动画仅候选，须检查接触点、循环、位移和事件同步；未生成/未接入,只读权威活动/位置差/暂停、角色朝向；拟动画状态适配器/接触点；不得以动画驱动资金、身体路线或时间,CHAR-073,侧门接触点/车台高参数，公交台阶与汽车低座作同骨骼适配；不每车型复制整人；只读位置/乘员/停止状态,首尾/接触点正确，无穿地/穿座；暂停不推进；速度与权威位移一致；现场活动取消即退出；本地回放及真实状态驱动都验收，文件存在不算完成
CHAR-277,道路载具侧门离乘动作,角色动作与交互,动画特效,汽车/公交乘降,缺失待制,"提示词.md:43,121,115；src/types.ts:25,29,52；src/simulation.ts:912,944；src/rendering/citizen-appearance.ts:128（现直接riding坐姿，无乘降过渡）",统一骨骼后人工关键帧/重定向；Tripo动画仅候选，须检查接触点、循环、位移和事件同步；未生成/未接入,只读权威活动/位置差/暂停、角色朝向；拟动画状态适配器/接触点；不得以动画驱动资金、身体路线或时间,CHAR-073,从合法停靠位读出车门/落脚点；安全规则仍由交通；只读位置/乘员/停止状态,首尾/接触点正确，无穿地/穿座；暂停不推进；速度与权威位移一致；现场活动取消即退出；本地回放及真实状态驱动都验收，文件存在不算完成
CHAR-278,平层站台进入与落座动作,角色动作与交互,动画特效,磁悬浮/轻轨/缆车,缺失待制,"提示词.md:43,121,115；src/types.ts:25,29,52；src/simulation.ts:912,944；src/rendering/citizen-appearance.ts:128（现直接riding坐姿，无乘降过渡）",统一骨骼后人工关键帧/重定向；Tripo动画仅候选，须检查接触点、循环、位移和事件同步；未生成/未接入,只读权威活动/位置差/暂停、角色朝向；拟动画状态适配器/接触点；不得以动画驱动资金、身体路线或时间,CHAR-073,共用平层门口到座位动作，门宽/座位socket来自车辆接口；只读位置/乘员/停止状态,首尾/接触点正确，无穿地/穿座；暂停不推进；速度与权威位移一致；现场活动取消即退出；本地回放及真实状态驱动都验收，文件存在不算完成
CHAR-279,平层站台起身离乘动作,角色动作与交互,动画特效,磁悬浮/轻轨/缆车,缺失待制,"提示词.md:43,121,115；src/types.ts:25,29,52；src/simulation.ts:912,944；src/rendering/citizen-appearance.ts:128（现直接riding坐姿，无乘降过渡）",统一骨骼后人工关键帧/重定向；Tripo动画仅候选，须检查接触点、循环、位移和事件同步；未生成/未接入,只读权威活动/位置差/暂停、角色朝向；拟动画状态适配器/接触点；不得以动画驱动资金、身体路线或时间,CHAR-073,共用平层离座/出门适配，不能用动画越过门/站台；只读位置/乘员/停止状态,首尾/接触点正确，无穿地/穿座；暂停不推进；速度与权威位移一致；现场活动取消即退出；本地回放及真实状态驱动都验收，文件存在不算完成
CHAR-280,跳板/坡道登船扶手动作,角色动作与交互,动画特效,渡轮乘降,缺失待制,"提示词.md:43,121,115；src/types.ts:25,29,52；src/simulation.ts:912,944；src/rendering/citizen-appearance.ts:128（现直接riding坐姿，无乘降过渡）",统一骨骼后人工关键帧/重定向；Tripo动画仅候选，须检查接触点、循环、位移和事件同步；未生成/未接入,只读权威活动/位置差/暂停、角色朝向；拟动画状态适配器/接触点；不得以动画驱动资金、身体路线或时间,CHAR-073,脚步遵守权威坡道路径；船体动作参数不造路线；只读位置/乘员/停止状态,首尾/接触点正确，无穿地/穿座；暂停不推进；速度与权威位移一致；现场活动取消即退出；本地回放及真实状态驱动都验收，文件存在不算完成
CHAR-281,起身与坡道离船动作,角色动作与交互,动画特效,渡轮乘降,缺失待制,"提示词.md:43,121,115；src/types.ts:25,29,52；src/simulation.ts:912,944；src/rendering/citizen-appearance.ts:128（现直接riding坐姿，无乘降过渡）",统一骨骼后人工关键帧/重定向；Tripo动画仅候选，须检查接触点、循环、位移和事件同步；未生成/未接入,只读权威活动/位置差/暂停、角色朝向；拟动画状态适配器/接触点；不得以动画驱动资金、身体路线或时间,CHAR-073,绑定真实码头/泊位，不根据画面伪造靠岸；只读位置/乘员/停止状态,首尾/接触点正确，无穿地/穿座；暂停不推进；速度与权威位移一致；现场活动取消即退出；本地回放及真实状态驱动都验收，文件存在不算完成
CHAR-282,航空舱门登乘落座动作,角色动作与交互,动画特效,航班/无人机/战机,缺失待制,"提示词.md:43,121,115；src/types.ts:25,29,52；src/simulation.ts:912,944；src/rendering/citizen-appearance.ts:128（现直接riding坐姿，无乘降过渡）",统一骨骼后人工关键帧/重定向；Tripo动画仅候选，须检查接触点、循环、位移和事件同步；未生成/未接入,只读权威活动/位置差/暂停、角色朝向；拟动画状态适配器/接触点；不得以动画驱动资金、身体路线或时间,CHAR-073,按现航空资格/近身合法上机事件读取；舱门与座位参数待车辆母版提供；只读位置/乘员/停止状态,首尾/接触点正确，无穿地/穿座；暂停不推进；速度与权威位移一致；现场活动取消即退出；本地回放及真实状态驱动都验收，文件存在不算完成
CHAR-283,航空舱门安全离乘动作,角色动作与交互,动画特效,航空离机,缺失待制,"提示词.md:43,121,115；src/types.ts:25,29,52；src/simulation.ts:912,944；src/rendering/citizen-appearance.ts:128（现直接riding坐姿，无乘降过渡）",统一骨骼后人工关键帧/重定向；Tripo动画仅候选，须检查接触点、循环、位移和事件同步；未生成/未接入,只读权威活动/位置差/暂停、角色朝向；拟动画状态适配器/接触点；不得以动画驱动资金、身体路线或时间,CHAR-073,仅合法parked/landed离机；不能由clip修改飞行状态；只读位置/乘员/停止状态,首尾/接触点正确，无穿地/穿座；暂停不推进；速度与权威位移一致；现场活动取消即退出；本地回放及真实状态驱动都验收，文件存在不算完成
CHAR-284,驾驶座握控循环,角色动作与交互,动画特效,道路/航空驾驶,缺失待制,"提示词.md:43,121,115；src/types.ts:25,29,52；src/simulation.ts:912,944；src/rendering/citizen-appearance.ts:128（现直接riding坐姿，无乘降过渡）",统一骨骼后人工关键帧/重定向；Tripo动画仅候选，须检查接触点、循环、位移和事件同步；未生成/未接入,只读权威活动/位置差/暂停、角色朝向；拟动画状态适配器/接触点；不得以动画驱动资金、身体路线或时间,CHAR-073,同骨骼握持方向盘/双柄位置；控制输入只是视觉读取；只读位置/乘员/停止状态,首尾/接触点正确，无穿地/穿座；暂停不推进；速度与权威位移一致；现场活动取消即退出；本地回放及真实状态驱动都验收，文件存在不算完成
CHAR-285,系/解安全束带动作,角色动作与交互,动画特效,交通乘坐,缺失待制,"提示词.md:43,121,115；src/types.ts:25,29,52；src/simulation.ts:912,944；src/rendering/citizen-appearance.ts:128（现直接riding坐姿，无乘降过渡）",统一骨骼后人工关键帧/重定向；Tripo动画仅候选，须检查接触点、循环、位移和事件同步；未生成/未接入,只读权威活动/位置差/暂停、角色朝向；拟动画状态适配器/接触点；不得以动画驱动资金、身体路线或时间,CHAR-073,带扣socket与车辆兼容；无带件的车型不展示；只读位置/乘员/停止状态,首尾/接触点正确，无穿地/穿座；暂停不推进；速度与权威位移一致；现场活动取消即退出；本地回放及真实状态驱动都验收，文件存在不算完成
CHAR-286,站立乘客抓握循环,角色动作与交互,动画特效,公共交通,缺失待制,"提示词.md:43,121,115；src/types.ts:25,29,52；src/simulation.ts:912,944；src/rendering/citizen-appearance.ts:128（现直接riding坐姿，无乘降过渡）",统一骨骼后人工关键帧/重定向；Tripo动画仅候选，须检查接触点、循环、位移和事件同步；未生成/未接入,只读权威活动/位置差/暂停、角色朝向；拟动画状态适配器/接触点；不得以动画驱动资金、身体路线或时间,CHAR-073,读取乘客空间/抓杆socket；不凭空增加乘员或容量；只读位置/乘员/停止状态,首尾/接触点正确，无穿地/穿座；暂停不推进；速度与权威位移一致；现场活动取消即退出；本地回放及真实状态驱动都验收，文件存在不算完成
CHAR-287,升降厢进入等待退出动作,角色动作与交互,动画特效,垂直升降井,缺失待制,"提示词.md:43,121,115；src/types.ts:25,29,52；src/simulation.ts:912,944；src/rendering/citizen-appearance.ts:128（现直接riding坐姿，无乘降过渡）",统一骨骼后人工关键帧/重定向；Tripo动画仅候选，须检查接触点、循环、位移和事件同步；未生成/未接入,只读权威活动/位置差/暂停、角色朝向；拟动画状态适配器/接触点；不得以动画驱动资金、身体路线或时间,CHAR-073,复用行走/待机与门口模板；不新增独立行走model；只读位置/乘员/停止状态,首尾/接触点正确，无穿地/穿座；暂停不推进；速度与权威位移一致；现场活动取消即退出；本地回放及真实状态驱动都验收，文件存在不算完成
CHAR-288,喜悦/微笑细体素脸材质组,角色与动物材质,材质贴图,心情/社交,缺失待制,"src/rendering/citizen-appearance.ts:55-70,104-112（现只有平静/紧张年龄六格及程序衣纹）；开发备忘录.md:322",手工像素/细体素面色与共享图集；纯视觉纹理，不需付费生成,只读Citizen.id/position/state/role + extension.actorProfiles.age/alive；拟visualDescriptor/骨骼socket；不写模拟或碰撞,CHAR-066,同一图集/材质参数覆盖年龄与体型；不将每个情绪或颜色算独立model,脸/衣/毛在白天夜晚可辨；像素尺度统一，无写实照片覆盖粗形体；图集边缘与LOD采样不串格
CHAR-289,悲伤/悼念脸材质组,角色与动物材质,材质贴图,心理/婚丧,缺失待制,"src/rendering/citizen-appearance.ts:55-70,104-112（现只有平静/紧张年龄六格及程序衣纹）；开发备忘录.md:322",手工像素/细体素面色与共享图集；纯视觉纹理，不需付费生成,只读Citizen.id/position/state/role + extension.actorProfiles.age/alive；拟visualDescriptor/骨骼socket；不写模拟或碰撞,CHAR-066,同一图集/材质参数覆盖年龄与体型；不将每个情绪或颜色算独立model,脸/衣/毛在白天夜晚可辨；像素尺度统一，无写实照片覆盖粗形体；图集边缘与LOD采样不串格
CHAR-290,愤怒/冲突脸材质组,角色与动物材质,材质贴图,仇敌/争论,缺失待制,"src/rendering/citizen-appearance.ts:55-70,104-112（现只有平静/紧张年龄六格及程序衣纹）；开发备忘录.md:322",手工像素/细体素面色与共享图集；纯视觉纹理，不需付费生成,只读Citizen.id/position/state/role + extension.actorProfiles.age/alive；拟visualDescriptor/骨骼socket；不写模拟或碰撞,CHAR-066,同一图集/材质参数覆盖年龄与体型；不将每个情绪或颜色算独立model,脸/衣/毛在白天夜晚可辨；像素尺度统一，无写实照片覆盖粗形体；图集边缘与LOD采样不串格
CHAR-291,疲惫/困倦脸材质组,角色与动物材质,材质贴图,fatigue/睡眠,缺失待制,"src/rendering/citizen-appearance.ts:55-70,104-112（现只有平静/紧张年龄六格及程序衣纹）；开发备忘录.md:322",手工像素/细体素面色与共享图集；纯视觉纹理，不需付费生成,只读Citizen.id/position/state/role + extension.actorProfiles.age/alive；拟visualDescriptor/骨骼socket；不写模拟或碰撞,CHAR-066,同一图集/材质参数覆盖年龄与体型；不将每个情绪或颜色算独立model,脸/衣/毛在白天夜晚可辨；像素尺度统一，无写实照片覆盖粗形体；图集边缘与LOD采样不串格
CHAR-292,疼痛/病弱脸材质组,角色与动物材质,材质贴图,health/临床,缺失待制,"src/rendering/citizen-appearance.ts:55-70,104-112（现只有平静/紧张年龄六格及程序衣纹）；开发备忘录.md:322",手工像素/细体素面色与共享图集；纯视觉纹理，不需付费生成,只读Citizen.id/position/state/role + extension.actorProfiles.age/alive；拟visualDescriptor/骨骼socket；不写模拟或碰撞,CHAR-066,同一图集/材质参数覆盖年龄与体型；不将每个情绪或颜色算独立model,脸/衣/毛在白天夜晚可辨；像素尺度统一，无写实照片覆盖粗形体；图集边缘与LOD采样不串格
CHAR-293,惊讶/警觉脸材质组,角色与动物材质,材质贴图,事件/治安,缺失待制,"src/rendering/citizen-appearance.ts:55-70,104-112（现只有平静/紧张年龄六格及程序衣纹）；开发备忘录.md:322",手工像素/细体素面色与共享图集；纯视觉纹理，不需付费生成,只读Citizen.id/position/state/role + extension.actorProfiles.age/alive；拟visualDescriptor/骨骼socket；不写模拟或碰撞,CHAR-066,同一图集/材质参数覆盖年龄与体型；不将每个情绪或颜色算独立model,脸/衣/毛在白天夜晚可辨；像素尺度统一，无写实照片覆盖粗形体；图集边缘与LOD采样不串格
CHAR-294,专注工作脸材质组,角色与动物材质,材质贴图,学习/职业,缺失待制,"src/rendering/citizen-appearance.ts:55-70,104-112（现只有平静/紧张年龄六格及程序衣纹）；开发备忘录.md:322",手工像素/细体素面色与共享图集；纯视觉纹理，不需付费生成,只读Citizen.id/position/state/role + extension.actorProfiles.age/alive；拟visualDescriptor/骨骼socket；不写模拟或碰撞,CHAR-066,同一图集/材质参数覆盖年龄与体型；不将每个情绪或颜色算独立model,脸/衣/毛在白天夜晚可辨；像素尺度统一，无写实照片覆盖粗形体；图集边缘与LOD采样不串格
CHAR-295,闭眼睡眠脸材质组,角色与动物材质,材质贴图,sleeping,缺失待制,"src/rendering/citizen-appearance.ts:55-70,104-112（现只有平静/紧张年龄六格及程序衣纹）；开发备忘录.md:322",手工像素/细体素面色与共享图集；纯视觉纹理，不需付费生成,只读Citizen.id/position/state/role + extension.actorProfiles.age/alive；拟visualDescriptor/骨骼socket；不写模拟或碰撞,CHAR-066,同一图集/材质参数覆盖年龄与体型；不将每个情绪或颜色算独立model,脸/衣/毛在白天夜晚可辨；像素尺度统一，无写实照片覆盖粗形体；图集边缘与LOD采样不串格
CHAR-296,婴儿脸部材质组,角色与动物材质,材质贴图,age<2生命,缺失待制,"src/rendering/citizen-appearance.ts:55-70,104-112（现只有平静/紧张年龄六格及程序衣纹）；开发备忘录.md:322",手工像素/细体素面色与共享图集；纯视觉纹理，不需付费生成,只读Citizen.id/position/state/role + extension.actorProfiles.age/alive；拟visualDescriptor/骨骼socket；不写模拟或碰撞,CHAR-066,同一图集/材质参数覆盖年龄与体型；不将每个情绪或颜色算独立model,脸/衣/毛在白天夜晚可辨；像素尺度统一，无写实照片覆盖粗形体；图集边缘与LOD采样不串格
CHAR-297,老年皱纹灰鬓细节材质组,角色与动物材质,材质贴图,衰老,缺失待制,"src/rendering/citizen-appearance.ts:55-70,104-112（现只有平静/紧张年龄六格及程序衣纹）；开发备忘录.md:322",手工像素/细体素面色与共享图集；纯视觉纹理，不需付费生成,只读Citizen.id/position/state/role + extension.actorProfiles.age/alive；拟visualDescriptor/骨骼socket；不写模拟或碰撞,CHAR-066,同一图集/材质参数覆盖年龄与体型；不将每个情绪或颜色算独立model,脸/衣/毛在白天夜晚可辨；像素尺度统一，无写实照片覆盖粗形体；图集边缘与LOD采样不串格
CHAR-298,日常衣布纹与缝边图集,角色与动物材质,材质贴图,居民服饰,缺失待制,"src/rendering/citizen-appearance.ts:55-70,104-112（现只有平静/紧张年龄六格及程序衣纹）；开发备忘录.md:322",手工像素/细体素面色与共享图集；纯视觉纹理，不需付费生成,只读Citizen.id/position/state/role + extension.actorProfiles.age/alive；拟visualDescriptor/骨骼socket；不写模拟或碰撞,CHAR-113,同一图集/材质参数覆盖年龄与体型；不将每个情绪或颜色算独立model,脸/衣/毛在白天夜晚可辨；像素尺度统一，无写实照片覆盖粗形体；图集边缘与LOD采样不串格
CHAR-299,职业布料标识图集,角色与动物材质,材质贴图,制服/职业,缺失待制,"src/rendering/citizen-appearance.ts:55-70,104-112（现只有平静/紧张年龄六格及程序衣纹）；开发备忘录.md:322",手工像素/细体素面色与共享图集；纯视觉纹理，不需付费生成,只读Citizen.id/position/state/role + extension.actorProfiles.age/alive；拟visualDescriptor/骨骼socket；不写模拟或碰撞,CHAR-113,同一图集/材质参数覆盖年龄与体型；不将每个情绪或颜色算独立model,脸/衣/毛在白天夜晚可辨；像素尺度统一，无写实照片覆盖粗形体；图集边缘与LOD采样不串格
CHAR-300,婚丧礼服布纹图集,角色与动物材质,材质贴图,家庭仪式,缺失待制,"src/rendering/citizen-appearance.ts:55-70,104-112（现只有平静/紧张年龄六格及程序衣纹）；开发备忘录.md:322",手工像素/细体素面色与共享图集；纯视觉纹理，不需付费生成,只读Citizen.id/position/state/role + extension.actorProfiles.age/alive；拟visualDescriptor/骨骼socket；不写模拟或碰撞,CHAR-113,同一图集/材质参数覆盖年龄与体型；不将每个情绪或颜色算独立model,脸/衣/毛在白天夜晚可辨；像素尺度统一，无写实照片覆盖粗形体；图集边缘与LOD采样不串格
CHAR-301,细体素毛发端面与发色图集,角色与动物材质,材质贴图,发型美容,缺失待制,"src/rendering/citizen-appearance.ts:55-70,104-112（现只有平静/紧张年龄六格及程序衣纹）；开发备忘录.md:322",手工像素/细体素面色与共享图集；纯视觉纹理，不需付费生成,只读Citizen.id/position/state/role + extension.actorProfiles.age/alive；拟visualDescriptor/骨骼socket；不写模拟或碰撞,CHAR-085,同一图集/材质参数覆盖年龄与体型；不将每个情绪或颜色算独立model,脸/衣/毛在白天夜晚可辨；像素尺度统一，无写实照片覆盖粗形体；图集边缘与LOD采样不串格
CHAR-302,动物毛羽鳞图集母版,角色与动物材质,材质贴图,宠物/家畜/生态,缺失待制,"src/rendering/citizen-appearance.ts:55-70,104-112（现只有平静/紧张年龄六格及程序衣纹）；开发备忘录.md:322",手工像素/细体素面色与共享图集；纯视觉纹理，不需付费生成,只读Citizen.id/position/state/role + extension.actorProfiles.age/alive；拟visualDescriptor/骨骼socket；不写模拟或碰撞,CHAR-302,同一图集/材质参数覆盖年龄与体型；不将每个情绪或颜色算独立model,脸/衣/毛在白天夜晚可辨；像素尺度统一，无写实照片覆盖粗形体；图集边缘与LOD采样不串格
CHAR-303,眨眼与注视微动画,角色动作与交互,动画特效,近景交谈/情绪,缺失待制,"src/rendering/citizen-appearance.ts:55-70,138（只有静态style选择）；src/types.ts:44",统一骨骼后人工关键帧/重定向；Tripo动画仅候选，须检查接触点、循环、位移和事件同步；未生成/未接入,只读权威活动/位置差/暂停、角色朝向；拟动画状态适配器/接触点；不得以动画驱动资金、身体路线或时间,CHAR-066,表情图集或轻量局部绑定；只在真实交谈/情绪条件更新，不附加独立NPC clock,首尾/接触点正确，无穿地/穿座；暂停不推进；速度与权威位移一致；现场活动取消即退出；本地回放及真实状态驱动都验收，文件存在不算完成
CHAR-304,说话口型切换微动画,角色动作与交互,动画特效,近景交谈/情绪,缺失待制,"src/rendering/citizen-appearance.ts:55-70,138（只有静态style选择）；src/types.ts:44",统一骨骼后人工关键帧/重定向；Tripo动画仅候选，须检查接触点、循环、位移和事件同步；未生成/未接入,只读权威活动/位置差/暂停、角色朝向；拟动画状态适配器/接触点；不得以动画驱动资金、身体路线或时间,CHAR-066,表情图集或轻量局部绑定；只在真实交谈/情绪条件更新，不附加独立NPC clock,首尾/接触点正确，无穿地/穿座；暂停不推进；速度与权威位移一致；现场活动取消即退出；本地回放及真实状态驱动都验收，文件存在不算完成
CHAR-305,情绪脸材质过渡动画,角色动作与交互,动画特效,近景交谈/情绪,缺失待制,"src/rendering/citizen-appearance.ts:55-70,138（只有静态style选择）；src/types.ts:44",统一骨骼后人工关键帧/重定向；Tripo动画仅候选，须检查接触点、循环、位移和事件同步；未生成/未接入,只读权威活动/位置差/暂停、角色朝向；拟动画状态适配器/接触点；不得以动画驱动资金、身体路线或时间,CHAR-066,表情图集或轻量局部绑定；只在真实交谈/情绪条件更新，不附加独立NPC clock,首尾/接触点正确，无穿地/穿座；暂停不推进；速度与权威位移一致；现场活动取消即退出；本地回放及真实状态驱动都验收，文件存在不算完成
CHAR-306,猫精细体素视觉母版,宠物家畜与生态动物,基础组件,宠物,待核实,"开发备忘录.md:322；docs/需求实现验证矩阵.md:56；src/types.ts:33,48（有biodiversity数值，无动物实体/外观契约）；src/renderer.ts:829-832（只消费居民、货品、车辆）",物种候选：未指定最终物种；确认物种后先单件细体素概念图与尺度核形，再Tripo图生视觉件候选/手工体素建模；离线验GLB、硬边、平面法线与5cm细格，不改0.2m玩法网格,拟动物实体id/species/owner/position/age/state + 可见区池接口；当前types.ts无该契约，资产不假造生态或库存,CHAR-306,四足类独立形体；本行是可制作候选，不宣称物种生态/畜牧经济已实现；先确认生态范围,近景有可辨的细体素轮廓、五官/拼接层次；5cm细格与硬边法线，无粗大方块替代；米制原点/朝向一致，绑定与LOD同形；不改受保护身体净空；物种尺寸/栖息介质正确，躯干/羽鳞/尾部有轮廓，不用胶囊替代
CHAR-307,犬精细体素视觉母版,宠物家畜与生态动物,基础组件,宠物,待核实,"开发备忘录.md:322；docs/需求实现验证矩阵.md:56；src/types.ts:33,48（有biodiversity数值，无动物实体/外观契约）；src/renderer.ts:829-832（只消费居民、货品、车辆）",物种候选：未指定最终物种；确认物种后先单件细体素概念图与尺度核形，再Tripo图生视觉件候选/手工体素建模；离线验GLB、硬边、平面法线与5cm细格，不改0.2m玩法网格,拟动物实体id/species/owner/position/age/state + 可见区池接口；当前types.ts无该契约，资产不假造生态或库存,CHAR-307,四足类独立形体；本行是可制作候选，不宣称物种生态/畜牧经济已实现；先确认生态范围,近景有可辨的细体素轮廓、五官/拼接层次；5cm细格与硬边法线，无粗大方块替代；米制原点/朝向一致，绑定与LOD同形；不改受保护身体净空；物种尺寸/栖息介质正确，躯干/羽鳞/尾部有轮廓，不用胶囊替代
CHAR-308,兔精细体素视觉母版,宠物家畜与生态动物,基础组件,宠物/小型生态,待核实,"开发备忘录.md:322；docs/需求实现验证矩阵.md:56；src/types.ts:33,48（有biodiversity数值，无动物实体/外观契约）；src/renderer.ts:829-832（只消费居民、货品、车辆）",物种候选：未指定最终物种；确认物种后先单件细体素概念图与尺度核形，再Tripo图生视觉件候选/手工体素建模；离线验GLB、硬边、平面法线与5cm细格，不改0.2m玩法网格,拟动物实体id/species/owner/position/age/state + 可见区池接口；当前types.ts无该契约，资产不假造生态或库存,CHAR-308,四足类独立形体；本行是可制作候选，不宣称物种生态/畜牧经济已实现；先确认生态范围,近景有可辨的细体素轮廓、五官/拼接层次；5cm细格与硬边法线，无粗大方块替代；米制原点/朝向一致，绑定与LOD同形；不改受保护身体净空；物种尺寸/栖息介质正确，躯干/羽鳞/尾部有轮廓，不用胶囊替代
CHAR-309,观赏鱼精细体素视觉母版,宠物家畜与生态动物,基础组件,宠物水族,待核实,"开发备忘录.md:322；docs/需求实现验证矩阵.md:56；src/types.ts:33,48（有biodiversity数值，无动物实体/外观契约）；src/renderer.ts:829-832（只消费居民、货品、车辆）",物种候选：未指定最终物种；确认物种后先单件细体素概念图与尺度核形，再Tripo图生视觉件候选/手工体素建模；离线验GLB、硬边、平面法线与5cm细格，不改0.2m玩法网格,拟动物实体id/species/owner/position/age/state + 可见区池接口；当前types.ts无该契约，资产不假造生态或库存,CHAR-309,鱼类独立形体；本行是可制作候选，不宣称物种生态/畜牧经济已实现；先确认生态范围,近景有可辨的细体素轮廓、五官/拼接层次；5cm细格与硬边法线，无粗大方块替代；米制原点/朝向一致，绑定与LOD同形；不改受保护身体净空；物种尺寸/栖息介质正确，躯干/羽鳞/尾部有轮廓，不用胶囊替代
CHAR-310,鸡精细体素视觉母版,宠物家畜与生态动物,基础组件,家禽/农业,待核实,"开发备忘录.md:322；docs/需求实现验证矩阵.md:56；src/types.ts:33,48（有biodiversity数值，无动物实体/外观契约）；src/renderer.ts:829-832（只消费居民、货品、车辆）",物种候选：未指定最终物种；确认物种后先单件细体素概念图与尺度核形，再Tripo图生视觉件候选/手工体素建模；离线验GLB、硬边、平面法线与5cm细格，不改0.2m玩法网格,拟动物实体id/species/owner/position/age/state + 可见区池接口；当前types.ts无该契约，资产不假造生态或库存,CHAR-310,鸟类独立形体；本行是可制作候选，不宣称物种生态/畜牧经济已实现；先确认生态范围,近景有可辨的细体素轮廓、五官/拼接层次；5cm细格与硬边法线，无粗大方块替代；米制原点/朝向一致，绑定与LOD同形；不改受保护身体净空；物种尺寸/栖息介质正确，躯干/羽鳞/尾部有轮廓，不用胶囊替代
CHAR-311,鸭精细体素视觉母版,宠物家畜与生态动物,基础组件,家禽/水岸农业,待核实,"开发备忘录.md:322；docs/需求实现验证矩阵.md:56；src/types.ts:33,48（有biodiversity数值，无动物实体/外观契约）；src/renderer.ts:829-832（只消费居民、货品、车辆）",物种候选：未指定最终物种；确认物种后先单件细体素概念图与尺度核形，再Tripo图生视觉件候选/手工体素建模；离线验GLB、硬边、平面法线与5cm细格，不改0.2m玩法网格,拟动物实体id/species/owner/position/age/state + 可见区池接口；当前types.ts无该契约，资产不假造生态或库存,CHAR-311,鸟类独立形体；本行是可制作候选，不宣称物种生态/畜牧经济已实现；先确认生态范围,近景有可辨的细体素轮廓、五官/拼接层次；5cm细格与硬边法线，无粗大方块替代；米制原点/朝向一致，绑定与LOD同形；不改受保护身体净空；物种尺寸/栖息介质正确，躯干/羽鳞/尾部有轮廓，不用胶囊替代
CHAR-312,鹅精细体素视觉母版,宠物家畜与生态动物,基础组件,家禽/水岸农业,待核实,"开发备忘录.md:322；docs/需求实现验证矩阵.md:56；src/types.ts:33,48（有biodiversity数值，无动物实体/外观契约）；src/renderer.ts:829-832（只消费居民、货品、车辆）",物种候选：未指定最终物种；确认物种后先单件细体素概念图与尺度核形，再Tripo图生视觉件候选/手工体素建模；离线验GLB、硬边、平面法线与5cm细格，不改0.2m玩法网格,拟动物实体id/species/owner/position/age/state + 可见区池接口；当前types.ts无该契约，资产不假造生态或库存,CHAR-312,鸟类独立形体；本行是可制作候选，不宣称物种生态/畜牧经济已实现；先确认生态范围,近景有可辨的细体素轮廓、五官/拼接层次；5cm细格与硬边法线，无粗大方块替代；米制原点/朝向一致，绑定与LOD同形；不改受保护身体净空；物种尺寸/栖息介质正确，躯干/羽鳞/尾部有轮廓，不用胶囊替代
CHAR-313,猪精细体素视觉母版,宠物家畜与生态动物,基础组件,家畜/农业,待核实,"开发备忘录.md:322；docs/需求实现验证矩阵.md:56；src/types.ts:33,48（有biodiversity数值，无动物实体/外观契约）；src/renderer.ts:829-832（只消费居民、货品、车辆）",物种候选：未指定最终物种；确认物种后先单件细体素概念图与尺度核形，再Tripo图生视觉件候选/手工体素建模；离线验GLB、硬边、平面法线与5cm细格，不改0.2m玩法网格,拟动物实体id/species/owner/position/age/state + 可见区池接口；当前types.ts无该契约，资产不假造生态或库存,CHAR-313,四足类独立形体；本行是可制作候选，不宣称物种生态/畜牧经济已实现；先确认生态范围,近景有可辨的细体素轮廓、五官/拼接层次；5cm细格与硬边法线，无粗大方块替代；米制原点/朝向一致，绑定与LOD同形；不改受保护身体净空；物种尺寸/栖息介质正确，躯干/羽鳞/尾部有轮廓，不用胶囊替代
CHAR-314,山羊精细体素视觉母版,宠物家畜与生态动物,基础组件,家畜/山地农业,待核实,"开发备忘录.md:322；docs/需求实现验证矩阵.md:56；src/types.ts:33,48（有biodiversity数值，无动物实体/外观契约）；src/renderer.ts:829-832（只消费居民、货品、车辆）",物种候选：未指定最终物种；确认物种后先单件细体素概念图与尺度核形，再Tripo图生视觉件候选/手工体素建模；离线验GLB、硬边、平面法线与5cm细格，不改0.2m玩法网格,拟动物实体id/species/owner/position/age/state + 可见区池接口；当前types.ts无该契约，资产不假造生态或库存,CHAR-314,四足类独立形体；本行是可制作候选，不宣称物种生态/畜牧经济已实现；先确认生态范围,近景有可辨的细体素轮廓、五官/拼接层次；5cm细格与硬边法线，无粗大方块替代；米制原点/朝向一致，绑定与LOD同形；不改受保护身体净空；物种尺寸/栖息介质正确，躯干/羽鳞/尾部有轮廓，不用胶囊替代
CHAR-315,牛精细体素视觉母版,宠物家畜与生态动物,基础组件,家畜/农业,待核实,"开发备忘录.md:322；docs/需求实现验证矩阵.md:56；src/types.ts:33,48（有biodiversity数值，无动物实体/外观契约）；src/renderer.ts:829-832（只消费居民、货品、车辆）",物种候选：未指定最终物种；确认物种后先单件细体素概念图与尺度核形，再Tripo图生视觉件候选/手工体素建模；离线验GLB、硬边、平面法线与5cm细格，不改0.2m玩法网格,拟动物实体id/species/owner/position/age/state + 可见区池接口；当前types.ts无该契约，资产不假造生态或库存,CHAR-315,四足类独立形体；本行是可制作候选，不宣称物种生态/畜牧经济已实现；先确认生态范围,近景有可辨的细体素轮廓、五官/拼接层次；5cm细格与硬边法线，无粗大方块替代；米制原点/朝向一致，绑定与LOD同形；不改受保护身体净空；物种尺寸/栖息介质正确，躯干/羽鳞/尾部有轮廓，不用胶囊替代
CHAR-316,山林鹿精细体素视觉母版,宠物家畜与生态动物,基础组件,山林生态,待核实,"开发备忘录.md:322；docs/需求实现验证矩阵.md:56；src/types.ts:33,48（有biodiversity数值，无动物实体/外观契约）；src/renderer.ts:829-832（只消费居民、货品、车辆）",物种候选：未指定最终物种；确认物种后先单件细体素概念图与尺度核形，再Tripo图生视觉件候选/手工体素建模；离线验GLB、硬边、平面法线与5cm细格，不改0.2m玩法网格,拟动物实体id/species/owner/position/age/state + 可见区池接口；当前types.ts无该契约，资产不假造生态或库存,CHAR-316,四足类独立形体；本行是可制作候选，不宣称物种生态/畜牧经济已实现；先确认生态范围,近景有可辨的细体素轮廓、五官/拼接层次；5cm细格与硬边法线，无粗大方块替代；米制原点/朝向一致，绑定与LOD同形；不改受保护身体净空；物种尺寸/栖息介质正确，躯干/羽鳞/尾部有轮廓，不用胶囊替代
CHAR-317,野猪精细体素视觉母版,宠物家畜与生态动物,基础组件,山林生态,待核实,"开发备忘录.md:322；docs/需求实现验证矩阵.md:56；src/types.ts:33,48（有biodiversity数值，无动物实体/外观契约）；src/renderer.ts:829-832（只消费居民、货品、车辆）",物种候选：未指定最终物种；确认物种后先单件细体素概念图与尺度核形，再Tripo图生视觉件候选/手工体素建模；离线验GLB、硬边、平面法线与5cm细格，不改0.2m玩法网格,拟动物实体id/species/owner/position/age/state + 可见区池接口；当前types.ts无该契约，资产不假造生态或库存,CHAR-317,四足类独立形体；本行是可制作候选，不宣称物种生态/畜牧经济已实现；先确认生态范围,近景有可辨的细体素轮廓、五官/拼接层次；5cm细格与硬边法线，无粗大方块替代；米制原点/朝向一致，绑定与LOD同形；不改受保护身体净空；物种尺寸/栖息介质正确，躯干/羽鳞/尾部有轮廓，不用胶囊替代
CHAR-318,松鼠精细体素视觉母版,宠物家畜与生态动物,基础组件,林冠生态,待核实,"开发备忘录.md:322；docs/需求实现验证矩阵.md:56；src/types.ts:33,48（有biodiversity数值，无动物实体/外观契约）；src/renderer.ts:829-832（只消费居民、货品、车辆）",物种候选：未指定最终物种；确认物种后先单件细体素概念图与尺度核形，再Tripo图生视觉件候选/手工体素建模；离线验GLB、硬边、平面法线与5cm细格，不改0.2m玩法网格,拟动物实体id/species/owner/position/age/state + 可见区池接口；当前types.ts无该契约，资产不假造生态或库存,CHAR-318,四足类独立形体；本行是可制作候选，不宣称物种生态/畜牧经济已实现；先确认生态范围,近景有可辨的细体素轮廓、五官/拼接层次；5cm细格与硬边法线，无粗大方块替代；米制原点/朝向一致，绑定与LOD同形；不改受保护身体净空；物种尺寸/栖息介质正确，躯干/羽鳞/尾部有轮廓，不用胶囊替代
CHAR-319,山林小鸟精细体素视觉母版,宠物家畜与生态动物,基础组件,林冠生态,待核实,"开发备忘录.md:322；docs/需求实现验证矩阵.md:56；src/types.ts:33,48（有biodiversity数值，无动物实体/外观契约）；src/renderer.ts:829-832（只消费居民、货品、车辆）",物种候选：未指定最终物种；确认物种后先单件细体素概念图与尺度核形，再Tripo图生视觉件候选/手工体素建模；离线验GLB、硬边、平面法线与5cm细格，不改0.2m玩法网格,拟动物实体id/species/owner/position/age/state + 可见区池接口；当前types.ts无该契约，资产不假造生态或库存,CHAR-319,鸟类独立形体；本行是可制作候选，不宣称物种生态/畜牧经济已实现；先确认生态范围,近景有可辨的细体素轮廓、五官/拼接层次；5cm细格与硬边法线，无粗大方块替代；米制原点/朝向一致，绑定与LOD同形；不改受保护身体净空；物种尺寸/栖息介质正确，躯干/羽鳞/尾部有轮廓，不用胶囊替代
CHAR-320,水岸鹭鸟精细体素视觉母版,宠物家畜与生态动物,基础组件,溪岸生态,待核实,"开发备忘录.md:322；docs/需求实现验证矩阵.md:56；src/types.ts:33,48（有biodiversity数值，无动物实体/外观契约）；src/renderer.ts:829-832（只消费居民、货品、车辆）",物种候选：未指定最终物种；确认物种后先单件细体素概念图与尺度核形，再Tripo图生视觉件候选/手工体素建模；离线验GLB、硬边、平面法线与5cm细格，不改0.2m玩法网格,拟动物实体id/species/owner/position/age/state + 可见区池接口；当前types.ts无该契约，资产不假造生态或库存,CHAR-320,鸟类独立形体；本行是可制作候选，不宣称物种生态/畜牧经济已实现；先确认生态范围,近景有可辨的细体素轮廓、五官/拼接层次；5cm细格与硬边法线，无粗大方块替代；米制原点/朝向一致，绑定与LOD同形；不改受保护身体净空；物种尺寸/栖息介质正确，躯干/羽鳞/尾部有轮廓，不用胶囊替代
CHAR-321,溪流鱼精细体素视觉母版,宠物家畜与生态动物,基础组件,河流生态,待核实,"开发备忘录.md:322；docs/需求实现验证矩阵.md:56；src/types.ts:33,48（有biodiversity数值，无动物实体/外观契约）；src/renderer.ts:829-832（只消费居民、货品、车辆）",物种候选：未指定最终物种；确认物种后先单件细体素概念图与尺度核形，再Tripo图生视觉件候选/手工体素建模；离线验GLB、硬边、平面法线与5cm细格，不改0.2m玩法网格,拟动物实体id/species/owner/position/age/state + 可见区池接口；当前types.ts无该契约，资产不假造生态或库存,CHAR-321,鱼类独立形体；本行是可制作候选，不宣称物种生态/畜牧经济已实现；先确认生态范围,近景有可辨的细体素轮廓、五官/拼接层次；5cm细格与硬边法线，无粗大方块替代；米制原点/朝向一致，绑定与LOD同形；不改受保护身体净空；物种尺寸/栖息介质正确，躯干/羽鳞/尾部有轮廓，不用胶囊替代
CHAR-322,蝶精细体素视觉母版,宠物家畜与生态动物,基础组件,林地/花间生态,待核实,"开发备忘录.md:322；docs/需求实现验证矩阵.md:56；src/types.ts:33,48（有biodiversity数值，无动物实体/外观契约）；src/renderer.ts:829-832（只消费居民、货品、车辆）",物种候选：未指定最终物种；确认物种后先单件细体素概念图与尺度核形，再Tripo图生视觉件候选/手工体素建模；离线验GLB、硬边、平面法线与5cm细格，不改0.2m玩法网格,拟动物实体id/species/owner/position/age/state + 可见区池接口；当前types.ts无该契约，资产不假造生态或库存,CHAR-322,昆虫类独立形体；本行是可制作候选，不宣称物种生态/畜牧经济已实现；先确认生态范围,近景有可辨的细体素轮廓、五官/拼接层次；5cm细格与硬边法线，无粗大方块替代；米制原点/朝向一致，绑定与LOD同形；不改受保护身体净空；物种尺寸/栖息介质正确，躯干/羽鳞/尾部有轮廓，不用胶囊替代
CHAR-323,蜂精细体素视觉母版,宠物家畜与生态动物,基础组件,农业/花间生态,待核实,"开发备忘录.md:322；docs/需求实现验证矩阵.md:56；src/types.ts:33,48（有biodiversity数值，无动物实体/外观契约）；src/renderer.ts:829-832（只消费居民、货品、车辆）",物种候选：未指定最终物种；确认物种后先单件细体素概念图与尺度核形，再Tripo图生视觉件候选/手工体素建模；离线验GLB、硬边、平面法线与5cm细格，不改0.2m玩法网格,拟动物实体id/species/owner/position/age/state + 可见区池接口；当前types.ts无该契约，资产不假造生态或库存,CHAR-323,昆虫类独立形体；本行是可制作候选，不宣称物种生态/畜牧经济已实现；先确认生态范围,近景有可辨的细体素轮廓、五官/拼接层次；5cm细格与硬边法线，无粗大方块替代；米制原点/朝向一致，绑定与LOD同形；不改受保护身体净空；物种尺寸/栖息介质正确，躯干/羽鳞/尾部有轮廓，不用胶囊替代
CHAR-324,四足动物骨骼母版,动物动作母版,基础组件,宠物/家畜/生态,缺失待制,"开发备忘录.md:322；docs/需求实现验证矩阵.md:56；src/types.ts:33,48（有biodiversity数值，无动物实体/外观契约）；src/renderer.ts:829-832（只消费居民、货品、车辆）",动物母版统一手工骨骼与挂点；Tripo绑定仅候选,拟动物实体id/species/owner/position/age/state + 可见区池接口；当前types.ts无该契约，资产不假造生态或库存,CHAR-324,按体态族复用重定向，爪/翼/尾关节规格明确，不一物种一套冗余骨架,绑定无塌体，脚/翼/尾符合物种；无GPU/长期模拟核验，交付需离线资产与真实实体驱动验收
CHAR-325,鸟类骨骼母版,动物动作母版,基础组件,宠物/家畜/生态,缺失待制,"开发备忘录.md:322；docs/需求实现验证矩阵.md:56；src/types.ts:33,48（有biodiversity数值，无动物实体/外观契约）；src/renderer.ts:829-832（只消费居民、货品、车辆）",动物母版统一手工骨骼与挂点；Tripo绑定仅候选,拟动物实体id/species/owner/position/age/state + 可见区池接口；当前types.ts无该契约，资产不假造生态或库存,CHAR-325,按体态族复用重定向，爪/翼/尾关节规格明确，不一物种一套冗余骨架,绑定无塌体，脚/翼/尾符合物种；无GPU/长期模拟核验，交付需离线资产与真实实体驱动验收
CHAR-326,鱼类游动骨骼母版,动物动作母版,基础组件,宠物/家畜/生态,缺失待制,"开发备忘录.md:322；docs/需求实现验证矩阵.md:56；src/types.ts:33,48（有biodiversity数值，无动物实体/外观契约）；src/renderer.ts:829-832（只消费居民、货品、车辆）",动物母版统一手工骨骼与挂点；Tripo绑定仅候选,拟动物实体id/species/owner/position/age/state + 可见区池接口；当前types.ts无该契约，资产不假造生态或库存,CHAR-326,按体态族复用重定向，爪/翼/尾关节规格明确，不一物种一套冗余骨架,绑定无塌体，脚/翼/尾符合物种；无GPU/长期模拟核验，交付需离线资产与真实实体驱动验收
CHAR-327,昆虫局部动作母版,动物动作母版,基础组件,宠物/家畜/生态,缺失待制,"开发备忘录.md:322；docs/需求实现验证矩阵.md:56；src/types.ts:33,48（有biodiversity数值，无动物实体/外观契约）；src/renderer.ts:829-832（只消费居民、货品、车辆）",动物母版统一手工骨骼与挂点；Tripo绑定仅候选,拟动物实体id/species/owner/position/age/state + 可见区池接口；当前types.ts无该契约，资产不假造生态或库存,CHAR-327,按体态族复用重定向，爪/翼/尾关节规格明确，不一物种一套冗余骨架,绑定无塌体，脚/翼/尾符合物种；无GPU/长期模拟核验，交付需离线资产与真实实体驱动验收
CHAR-328,宠物项圈母版,动物穿戴与组合,基础组件,宠物/农业/生态,缺失待制,"开发备忘录.md:322；docs/需求实现验证矩阵.md:56；src/types.ts:33,48（有biodiversity数值，无动物实体/外观契约）；src/renderer.ts:829-832（只消费居民、货品、车辆）",手工细体素穿戴或共享装配配置,拟动物实体id/species/owner/position/age/state + 可见区池接口；当前types.ts无该契约，资产不假造生态或库存,CHAR-328,项圈作为独立穿戴件，尺寸参数适配猫犬,穿戴不穿皮/遮断肢体；不把无实体的静态装饰算宠物玩法；动画/socket与实际物权一致
CHAR-329,宠物名牌母版,动物穿戴与组合,基础组件,宠物/农业/生态,缺失待制,"开发备忘录.md:322；docs/需求实现验证矩阵.md:56；src/types.ts:33,48（有biodiversity数值，无动物实体/外观契约）；src/renderer.ts:829-832（只消费居民、货品、车辆）",手工细体素穿戴或共享装配配置,拟动物实体id/species/owner/position/age/state + 可见区池接口；当前types.ts无该契约，资产不假造生态或库存,CHAR-329,名牌挂点与文字图集复用,穿戴不穿皮/遮断肢体；不把无实体的静态装饰算宠物玩法；动画/socket与实际物权一致
CHAR-330,宠物胸背带母版,动物穿戴与组合,基础组件,宠物/农业/生态,缺失待制,"开发备忘录.md:322；docs/需求实现验证矩阵.md:56；src/types.ts:33,48（有biodiversity数值，无动物实体/外观契约）；src/renderer.ts:829-832（只消费居民、货品、车辆）",手工细体素穿戴或共享装配配置,拟动物实体id/species/owner/position/age/state + 可见区池接口；当前types.ts无该契约，资产不假造生态或库存,CHAR-330,胸背围尺寸参数；牵引绳由角色手持件复用,穿戴不穿皮/遮断肢体；不把无实体的静态装饰算宠物玩法；动画/socket与实际物权一致
CHAR-331,家畜识别佩牌母版,动物穿戴与组合,基础组件,宠物/农业/生态,缺失待制,"开发备忘录.md:322；docs/需求实现验证矩阵.md:56；src/types.ts:33,48（有biodiversity数值，无动物实体/外观契约）；src/renderer.ts:829-832（只消费居民、货品、车辆）",手工细体素穿戴或共享装配配置,拟动物实体id/species/owner/position/age/state + 可见区池接口；当前types.ts无该契约，资产不假造生态或库存,CHAR-331,仅显示真实登记id，不制造畜牧身份,穿戴不穿皮/遮断肢体；不把无实体的静态装饰算宠物玩法；动画/socket与实际物权一致
CHAR-332,家养宠物佩戴组合,动物穿戴与组合,组合模板,宠物/农业/生态,缺失待制,"开发备忘录.md:322；docs/需求实现验证矩阵.md:56；src/types.ts:33,48（有biodiversity数值，无动物实体/外观契约）；src/renderer.ts:829-832（只消费居民、货品、车辆）",手工细体素穿戴或共享装配配置,拟动物实体id/species/owner/position/age/state + 可见区池接口；当前types.ts无该契约，资产不假造生态或库存,CHAR-306,猫/犬/兔按各母版配项圈胸背；不是整套新model,穿戴不穿皮/遮断肢体；不把无实体的静态装饰算宠物玩法；动画/socket与实际物权一致
CHAR-333,家畜与家禽生活组合,动物穿戴与组合,组合模板,宠物/农业/生态,缺失待制,"开发备忘录.md:322；docs/需求实现验证矩阵.md:56；src/types.ts:33,48（有biodiversity数值，无动物实体/外观契约）；src/renderer.ts:829-832（只消费居民、货品、车辆）",手工细体素穿戴或共享装配配置,拟动物实体id/species/owner/position/age/state + 可见区池接口；当前types.ts无该契约，资产不假造生态或库存,CHAR-315,以确认物种/年龄/健康状态装配，不假造生产链,穿戴不穿皮/遮断肢体；不把无实体的静态装饰算宠物玩法；动画/socket与实际物权一致
CHAR-334,山林水岸动物组合,动物穿戴与组合,组合模板,宠物/农业/生态,缺失待制,"开发备忘录.md:322；docs/需求实现验证矩阵.md:56；src/types.ts:33,48（有biodiversity数值，无动物实体/外观契约）；src/renderer.ts:829-832（只消费居民、货品、车辆）",手工细体素穿戴或共享装配配置,拟动物实体id/species/owner/position/age/state + 可见区池接口；当前types.ts无该契约，资产不假造生态或库存,CHAR-316,按物种/栖息介质/可见距离装配，生态逻辑待接,穿戴不穿皮/遮断肢体；不把无实体的静态装饰算宠物玩法；动画/socket与实际物权一致
CHAR-335,猫警觉坐卧待机,动物与照护动作,动画特效,宠物近景,缺失待制,"开发备忘录.md:322；docs/需求实现验证矩阵.md:56；src/types.ts:33,48（有biodiversity数值，无动物实体/外观契约）；src/renderer.ts:829-832（只消费居民、货品、车辆）",统一骨骼后人工关键帧/重定向；Tripo动画仅候选，须检查接触点、循环、位移和事件同步；未生成/未接入,拟动物实体id/species/owner/position/age/state + 可见区池接口；当前types.ts无该契约，资产不假造生态或库存；角色配对读I_ANIM接触点,CHAR-324,同体态骨骼重定向/参数适配，不复制独立动物model；真实实体/照护流程尚无契约,首尾/接触点正确，无穿地/穿座；暂停不推进；速度与权威位移一致；现场活动取消即退出；本地回放及真实状态驱动都验收，文件存在不算完成；动物足爪/翼尾接触真实介质，不能用动画虚造位置/产出
CHAR-336,猫行走/转向循环,动物与照护动作,动画特效,宠物移动,缺失待制,"开发备忘录.md:322；docs/需求实现验证矩阵.md:56；src/types.ts:33,48（有biodiversity数值，无动物实体/外观契约）；src/renderer.ts:829-832（只消费居民、货品、车辆）",统一骨骼后人工关键帧/重定向；Tripo动画仅候选，须检查接触点、循环、位移和事件同步；未生成/未接入,拟动物实体id/species/owner/position/age/state + 可见区池接口；当前types.ts无该契约，资产不假造生态或库存；角色配对读I_ANIM接触点,CHAR-324,同体态骨骼重定向/参数适配，不复制独立动物model；真实实体/照护流程尚无契约,首尾/接触点正确，无穿地/穿座；暂停不推进；速度与权威位移一致；现场活动取消即退出；本地回放及真实状态驱动都验收，文件存在不算完成；动物足爪/翼尾接触真实介质，不能用动画虚造位置/产出
CHAR-337,猫起跳落地动作,动物与照护动作,动画特效,宠物可达空间；路径契约待接,缺失待制,"开发备忘录.md:322；docs/需求实现验证矩阵.md:56；src/types.ts:33,48（有biodiversity数值，无动物实体/外观契约）；src/renderer.ts:829-832（只消费居民、货品、车辆）",统一骨骼后人工关键帧/重定向；Tripo动画仅候选，须检查接触点、循环、位移和事件同步；未生成/未接入,拟动物实体id/species/owner/position/age/state + 可见区池接口；当前types.ts无该契约，资产不假造生态或库存；角色配对读I_ANIM接触点,CHAR-324,同体态骨骼重定向/参数适配，不复制独立动物model；真实实体/照护流程尚无契约,首尾/接触点正确，无穿地/穿座；暂停不推进；速度与权威位移一致；现场活动取消即退出；本地回放及真实状态驱动都验收，文件存在不算完成；动物足爪/翼尾接触真实介质，不能用动画虚造位置/产出
CHAR-338,猫梳理/伸展循环,动物与照护动作,动画特效,宠物休闲,缺失待制,"开发备忘录.md:322；docs/需求实现验证矩阵.md:56；src/types.ts:33,48（有biodiversity数值，无动物实体/外观契约）；src/renderer.ts:829-832（只消费居民、货品、车辆）",统一骨骼后人工关键帧/重定向；Tripo动画仅候选，须检查接触点、循环、位移和事件同步；未生成/未接入,拟动物实体id/species/owner/position/age/state + 可见区池接口；当前types.ts无该契约，资产不假造生态或库存；角色配对读I_ANIM接触点,CHAR-324,同体态骨骼重定向/参数适配，不复制独立动物model；真实实体/照护流程尚无契约,首尾/接触点正确，无穿地/穿座；暂停不推进；速度与权威位移一致；现场活动取消即退出；本地回放及真实状态驱动都验收，文件存在不算完成；动物足爪/翼尾接触真实介质，不能用动画虚造位置/产出
CHAR-339,猫被抚摸响应配对,动物与照护动作,动画特效,玩家/宠物互动,缺失待制,"开发备忘录.md:322；docs/需求实现验证矩阵.md:56；src/types.ts:33,48（有biodiversity数值，无动物实体/外观契约）；src/renderer.ts:829-832（只消费居民、货品、车辆）",统一骨骼后人工关键帧/重定向；Tripo动画仅候选，须检查接触点、循环、位移和事件同步；未生成/未接入,拟动物实体id/species/owner/position/age/state + 可见区池接口；当前types.ts无该契约，资产不假造生态或库存；角色配对读I_ANIM接触点,CHAR-324,同体态骨骼重定向/参数适配，不复制独立动物model；真实实体/照护流程尚无契约,首尾/接触点正确，无穿地/穿座；暂停不推进；速度与权威位移一致；现场活动取消即退出；本地回放及真实状态驱动都验收，文件存在不算完成；动物足爪/翼尾接触真实介质，不能用动画虚造位置/产出
CHAR-340,犬坐姿与摆尾待机,动物与照护动作,动画特效,宠物近景,缺失待制,"开发备忘录.md:322；docs/需求实现验证矩阵.md:56；src/types.ts:33,48（有biodiversity数值，无动物实体/外观契约）；src/renderer.ts:829-832（只消费居民、货品、车辆）",统一骨骼后人工关键帧/重定向；Tripo动画仅候选，须检查接触点、循环、位移和事件同步；未生成/未接入,拟动物实体id/species/owner/position/age/state + 可见区池接口；当前types.ts无该契约，资产不假造生态或库存；角色配对读I_ANIM接触点,CHAR-324,同体态骨骼重定向/参数适配，不复制独立动物model；真实实体/照护流程尚无契约,首尾/接触点正确，无穿地/穿座；暂停不推进；速度与权威位移一致；现场活动取消即退出；本地回放及真实状态驱动都验收，文件存在不算完成；动物足爪/翼尾接触真实介质，不能用动画虚造位置/产出
CHAR-341,犬行走/疾行循环,动物与照护动作,动画特效,宠物移动,缺失待制,"开发备忘录.md:322；docs/需求实现验证矩阵.md:56；src/types.ts:33,48（有biodiversity数值，无动物实体/外观契约）；src/renderer.ts:829-832（只消费居民、货品、车辆）",统一骨骼后人工关键帧/重定向；Tripo动画仅候选，须检查接触点、循环、位移和事件同步；未生成/未接入,拟动物实体id/species/owner/position/age/state + 可见区池接口；当前types.ts无该契约，资产不假造生态或库存；角色配对读I_ANIM接触点,CHAR-324,同体态骨骼重定向/参数适配，不复制独立动物model；真实实体/照护流程尚无契约,首尾/接触点正确，无穿地/穿座；暂停不推进；速度与权威位移一致；现场活动取消即退出；本地回放及真实状态驱动都验收，文件存在不算完成；动物足爪/翼尾接触真实介质，不能用动画虚造位置/产出
CHAR-342,犬取回与交还动作,动物与照护动作,动画特效,宠物玩法；物权契约待接,缺失待制,"开发备忘录.md:322；docs/需求实现验证矩阵.md:56；src/types.ts:33,48（有biodiversity数值，无动物实体/外观契约）；src/renderer.ts:829-832（只消费居民、货品、车辆）",统一骨骼后人工关键帧/重定向；Tripo动画仅候选，须检查接触点、循环、位移和事件同步；未生成/未接入,拟动物实体id/species/owner/position/age/state + 可见区池接口；当前types.ts无该契约，资产不假造生态或库存；角色配对读I_ANIM接触点,CHAR-324,同体态骨骼重定向/参数适配，不复制独立动物model；真实实体/照护流程尚无契约,首尾/接触点正确，无穿地/穿座；暂停不推进；速度与权威位移一致；现场活动取消即退出；本地回放及真实状态驱动都验收，文件存在不算完成；动物足爪/翼尾接触真实介质，不能用动画虚造位置/产出
CHAR-343,犬被抚摸响应配对,动物与照护动作,动画特效,玩家/宠物互动,缺失待制,"开发备忘录.md:322；docs/需求实现验证矩阵.md:56；src/types.ts:33,48（有biodiversity数值，无动物实体/外观契约）；src/renderer.ts:829-832（只消费居民、货品、车辆）",统一骨骼后人工关键帧/重定向；Tripo动画仅候选，须检查接触点、循环、位移和事件同步；未生成/未接入,拟动物实体id/species/owner/position/age/state + 可见区池接口；当前types.ts无该契约，资产不假造生态或库存；角色配对读I_ANIM接触点,CHAR-324,同体态骨骼重定向/参数适配，不复制独立动物model；真实实体/照护流程尚无契约,首尾/接触点正确，无穿地/穿座；暂停不推进；速度与权威位移一致；现场活动取消即退出；本地回放及真实状态驱动都验收，文件存在不算完成；动物足爪/翼尾接触真实介质，不能用动画虚造位置/产出
CHAR-344,四足动物采食喝水循环,动物与照护动作,动画特效,宠物/家畜需要,缺失待制,"开发备忘录.md:322；docs/需求实现验证矩阵.md:56；src/types.ts:33,48（有biodiversity数值，无动物实体/外观契约）；src/renderer.ts:829-832（只消费居民、货品、车辆）",统一骨骼后人工关键帧/重定向；Tripo动画仅候选，须检查接触点、循环、位移和事件同步；未生成/未接入,拟动物实体id/species/owner/position/age/state + 可见区池接口；当前types.ts无该契约，资产不假造生态或库存；角色配对读I_ANIM接触点,CHAR-324,同体态骨骼重定向/参数适配，不复制独立动物model；真实实体/照护流程尚无契约,首尾/接触点正确，无穿地/穿座；暂停不推进；速度与权威位移一致；现场活动取消即退出；本地回放及真实状态驱动都验收，文件存在不算完成；动物足爪/翼尾接触真实介质，不能用动画虚造位置/产出
CHAR-345,四足动物伏卧睡眠循环,动物与照护动作,动画特效,宠物/家畜/生态,缺失待制,"开发备忘录.md:322；docs/需求实现验证矩阵.md:56；src/types.ts:33,48（有biodiversity数值，无动物实体/外观契约）；src/renderer.ts:829-832（只消费居民、货品、车辆）",统一骨骼后人工关键帧/重定向；Tripo动画仅候选，须检查接触点、循环、位移和事件同步；未生成/未接入,拟动物实体id/species/owner/position/age/state + 可见区池接口；当前types.ts无该契约，资产不假造生态或库存；角色配对读I_ANIM接触点,CHAR-324,同体态骨骼重定向/参数适配，不复制独立动物model；真实实体/照护流程尚无契约,首尾/接触点正确，无穿地/穿座；暂停不推进；速度与权威位移一致；现场活动取消即退出；本地回放及真实状态驱动都验收，文件存在不算完成；动物足爪/翼尾接触真实介质，不能用动画虚造位置/产出
CHAR-346,牛羊鹿低头采食循环,动物与照护动作,动画特效,农业/生态,缺失待制,"开发备忘录.md:322；docs/需求实现验证矩阵.md:56；src/types.ts:33,48（有biodiversity数值，无动物实体/外观契约）；src/renderer.ts:829-832（只消费居民、货品、车辆）",统一骨骼后人工关键帧/重定向；Tripo动画仅候选，须检查接触点、循环、位移和事件同步；未生成/未接入,拟动物实体id/species/owner/position/age/state + 可见区池接口；当前types.ts无该契约，资产不假造生态或库存；角色配对读I_ANIM接触点,CHAR-324,同体态骨骼重定向/参数适配，不复制独立动物model；真实实体/照护流程尚无契约,首尾/接触点正确，无穿地/穿座；暂停不推进；速度与权威位移一致；现场活动取消即退出；本地回放及真实状态驱动都验收，文件存在不算完成；动物足爪/翼尾接触真实介质，不能用动画虚造位置/产出
CHAR-347,兔跳行循环,动物与照护动作,动画特效,小型动物,缺失待制,"开发备忘录.md:322；docs/需求实现验证矩阵.md:56；src/types.ts:33,48（有biodiversity数值，无动物实体/外观契约）；src/renderer.ts:829-832（只消费居民、货品、车辆）",统一骨骼后人工关键帧/重定向；Tripo动画仅候选，须检查接触点、循环、位移和事件同步；未生成/未接入,拟动物实体id/species/owner/position/age/state + 可见区池接口；当前types.ts无该契约，资产不假造生态或库存；角色配对读I_ANIM接触点,CHAR-324,同体态骨骼重定向/参数适配，不复制独立动物model；真实实体/照护流程尚无契约,首尾/接触点正确，无穿地/穿座；暂停不推进；速度与权威位移一致；现场活动取消即退出；本地回放及真实状态驱动都验收，文件存在不算完成；动物足爪/翼尾接触真实介质，不能用动画虚造位置/产出
CHAR-348,猪类拱地动作,动物与照护动作,动画特效,家畜/林地生态,缺失待制,"开发备忘录.md:322；docs/需求实现验证矩阵.md:56；src/types.ts:33,48（有biodiversity数值，无动物实体/外观契约）；src/renderer.ts:829-832（只消费居民、货品、车辆）",统一骨骼后人工关键帧/重定向；Tripo动画仅候选，须检查接触点、循环、位移和事件同步；未生成/未接入,拟动物实体id/species/owner/position/age/state + 可见区池接口；当前types.ts无该契约，资产不假造生态或库存；角色配对读I_ANIM接触点,CHAR-324,同体态骨骼重定向/参数适配，不复制独立动物model；真实实体/照护流程尚无契约,首尾/接触点正确，无穿地/穿座；暂停不推进；速度与权威位移一致；现场活动取消即退出；本地回放及真实状态驱动都验收，文件存在不算完成；动物足爪/翼尾接触真实介质，不能用动画虚造位置/产出
CHAR-349,松鼠攀枝循环,动物与照护动作,动画特效,林冠生态；支撑路线待接,缺失待制,"开发备忘录.md:322；docs/需求实现验证矩阵.md:56；src/types.ts:33,48（有biodiversity数值，无动物实体/外观契约）；src/renderer.ts:829-832（只消费居民、货品、车辆）",统一骨骼后人工关键帧/重定向；Tripo动画仅候选，须检查接触点、循环、位移和事件同步；未生成/未接入,拟动物实体id/species/owner/position/age/state + 可见区池接口；当前types.ts无该契约，资产不假造生态或库存；角色配对读I_ANIM接触点,CHAR-324,同体态骨骼重定向/参数适配，不复制独立动物model；真实实体/照护流程尚无契约,首尾/接触点正确，无穿地/穿座；暂停不推进；速度与权威位移一致；现场活动取消即退出；本地回放及真实状态驱动都验收，文件存在不算完成；动物足爪/翼尾接触真实介质，不能用动画虚造位置/产出
CHAR-350,家禽行走与啄食循环,动物与照护动作,动画特效,农业,缺失待制,"开发备忘录.md:322；docs/需求实现验证矩阵.md:56；src/types.ts:33,48（有biodiversity数值，无动物实体/外观契约）；src/renderer.ts:829-832（只消费居民、货品、车辆）",统一骨骼后人工关键帧/重定向；Tripo动画仅候选，须检查接触点、循环、位移和事件同步；未生成/未接入,拟动物实体id/species/owner/position/age/state + 可见区池接口；当前types.ts无该契约，资产不假造生态或库存；角色配对读I_ANIM接触点,CHAR-325,同体态骨骼重定向/参数适配，不复制独立动物model；真实实体/照护流程尚无契约,首尾/接触点正确，无穿地/穿座；暂停不推进；速度与权威位移一致；现场活动取消即退出；本地回放及真实状态驱动都验收，文件存在不算完成；动物足爪/翼尾接触真实介质，不能用动画虚造位置/产出
CHAR-351,鸟类起飞飞行降落,动物与照护动作,动画特效,山林水岸生态,缺失待制,"开发备忘录.md:322；docs/需求实现验证矩阵.md:56；src/types.ts:33,48（有biodiversity数值，无动物实体/外观契约）；src/renderer.ts:829-832（只消费居民、货品、车辆）",统一骨骼后人工关键帧/重定向；Tripo动画仅候选，须检查接触点、循环、位移和事件同步；未生成/未接入,拟动物实体id/species/owner/position/age/state + 可见区池接口；当前types.ts无该契约，资产不假造生态或库存；角色配对读I_ANIM接触点,CHAR-325,同体态骨骼重定向/参数适配，不复制独立动物model；真实实体/照护流程尚无契约,首尾/接触点正确，无穿地/穿座；暂停不推进；速度与权威位移一致；现场活动取消即退出；本地回放及真实状态驱动都验收，文件存在不算完成；动物足爪/翼尾接触真实介质，不能用动画虚造位置/产出
CHAR-352,鸭鹅水面游动循环,动物与照护动作,动画特效,水岸家禽,缺失待制,"开发备忘录.md:322；docs/需求实现验证矩阵.md:56；src/types.ts:33,48（有biodiversity数值，无动物实体/外观契约）；src/renderer.ts:829-832（只消费居民、货品、车辆）",统一骨骼后人工关键帧/重定向；Tripo动画仅候选，须检查接触点、循环、位移和事件同步；未生成/未接入,拟动物实体id/species/owner/position/age/state + 可见区池接口；当前types.ts无该契约，资产不假造生态或库存；角色配对读I_ANIM接触点,CHAR-325,同体态骨骼重定向/参数适配，不复制独立动物model；真实实体/照护流程尚无契约,首尾/接触点正确，无穿地/穿座；暂停不推进；速度与权威位移一致；现场活动取消即退出；本地回放及真实状态驱动都验收，文件存在不算完成；动物足爪/翼尾接触真实介质，不能用动画虚造位置/产出
CHAR-353,鱼类摆尾游动循环,动物与照护动作,动画特效,宠物水族/溪流,缺失待制,"开发备忘录.md:322；docs/需求实现验证矩阵.md:56；src/types.ts:33,48（有biodiversity数值，无动物实体/外观契约）；src/renderer.ts:829-832（只消费居民、货品、车辆）",统一骨骼后人工关键帧/重定向；Tripo动画仅候选，须检查接触点、循环、位移和事件同步；未生成/未接入,拟动物实体id/species/owner/position/age/state + 可见区池接口；当前types.ts无该契约，资产不假造生态或库存；角色配对读I_ANIM接触点,CHAR-326,同体态骨骼重定向/参数适配，不复制独立动物model；真实实体/照护流程尚无契约,首尾/接触点正确，无穿地/穿座；暂停不推进；速度与权威位移一致；现场活动取消即退出；本地回放及真实状态驱动都验收，文件存在不算完成；动物足爪/翼尾接触真实介质，不能用动画虚造位置/产出
CHAR-354,蜂蝶翅动飞行循环,动物与照护动作,动画特效,生态/农业,缺失待制,"开发备忘录.md:322；docs/需求实现验证矩阵.md:56；src/types.ts:33,48（有biodiversity数值，无动物实体/外观契约）；src/renderer.ts:829-832（只消费居民、货品、车辆）",统一骨骼后人工关键帧/重定向；Tripo动画仅候选，须检查接触点、循环、位移和事件同步；未生成/未接入,拟动物实体id/species/owner/position/age/state + 可见区池接口；当前types.ts无该契约，资产不假造生态或库存；角色配对读I_ANIM接触点,CHAR-327,同体态骨骼重定向/参数适配，不复制独立动物model；真实实体/照护流程尚无契约,首尾/接触点正确，无穿地/穿座；暂停不推进；速度与权威位移一致；现场活动取消即退出；本地回放及真实状态驱动都验收，文件存在不算完成；动物足爪/翼尾接触真实介质，不能用动画虚造位置/产出
CHAR-355,角色蹲下抚摸与喂宠配对,动物与照护动作,动画特效,玩家/宠物日常,缺失待制,"开发备忘录.md:322；docs/需求实现验证矩阵.md:56；src/types.ts:33,48（有biodiversity数值，无动物实体/外观契约）；src/renderer.ts:829-832（只消费居民、货品、车辆）",统一骨骼后人工关键帧/重定向；Tripo动画仅候选，须检查接触点、循环、位移和事件同步；未生成/未接入,拟动物实体id/species/owner/position/age/state + 可见区池接口；当前types.ts无该契约，资产不假造生态或库存；角色配对读I_ANIM接触点,CHAR-073,同体态骨骼重定向/参数适配，不复制独立动物model；真实实体/照护流程尚无契约,首尾/接触点正确，无穿地/穿座；暂停不推进；速度与权威位移一致；现场活动取消即退出；本地回放及真实状态驱动都验收，文件存在不算完成；动物足爪/翼尾接触真实介质，不能用动画虚造位置/产出
CHAR-356,角色与犬牵引行走配对,动物与照护动作,动画特效,宠物通勤,缺失待制,"开发备忘录.md:322；docs/需求实现验证矩阵.md:56；src/types.ts:33,48（有biodiversity数值，无动物实体/外观契约）；src/renderer.ts:829-832（只消费居民、货品、车辆）",统一骨骼后人工关键帧/重定向；Tripo动画仅候选，须检查接触点、循环、位移和事件同步；未生成/未接入,拟动物实体id/species/owner/position/age/state + 可见区池接口；当前types.ts无该契约，资产不假造生态或库存；角色配对读I_ANIM接触点,CHAR-073,同体态骨骼重定向/参数适配，不复制独立动物model；真实实体/照护流程尚无契约,首尾/接触点正确，无穿地/穿座；暂停不推进；速度与权威位移一致；现场活动取消即退出；本地回放及真实状态驱动都验收，文件存在不算完成；动物足爪/翼尾接触真实介质，不能用动画虚造位置/产出
CHAR-357,精细人体近景LOD装配,角色动物LOD,配色尺寸变体,可见区/画质/池化,缺失待制,提示词.md:145-149；src/rendering/citizen-appearance.ts:121-134（当前LOD来自程序粗部件）,从已验近景母版离线减面/合并图集与socket派生,只读Citizen.id/position/state/role + extension.actorProfiles.age/alive；拟visualDescriptor/骨骼socket；不写模拟或碰撞,CHAR-059,近景保五官/手足/衣饰层次，复用人体与衣装母版；近远LOD不是独立model,在固定相机/昼夜对照检查切换形体与颜色稳定、无弹跳或分身；预算记录实测，macOS帧率未测不声称通过
CHAR-358,精细人体中景LOD派生,角色动物LOD,配色尺寸变体,可见区/画质/池化,缺失待制,提示词.md:145-149；src/rendering/citizen-appearance.ts:121-134（当前LOD来自程序粗部件）,从已验近景母版离线减面/合并图集与socket派生,只读Citizen.id/position/state/role + extension.actorProfiles.age/alive；拟visualDescriptor/骨骼socket；不写模拟或碰撞,CHAR-059,合并不影响轮廓的衣饰，人物位置/朝向/年龄不变；近远LOD不是独立model,在固定相机/昼夜对照检查切换形体与颜色稳定、无弹跳或分身；预算记录实测，macOS帧率未测不声称通过
CHAR-359,精细人体远景LOD派生,角色动物LOD,配色尺寸变体,可见区/画质/池化,缺失待制,提示词.md:145-149；src/rendering/citizen-appearance.ts:121-134（当前LOD来自程序粗部件）,从已验近景母版离线减面/合并图集与socket派生,只读Citizen.id/position/state/role + extension.actorProfiles.age/alive；拟visualDescriptor/骨骼socket；不写模拟或碰撞,CHAR-059,体态轮廓代理/低骨骼频率，实例颜色保持，远景不能变另一个人；近远LOD不是独立model,在固定相机/昼夜对照检查切换形体与颜色稳定、无弹跳或分身；预算记录实测，macOS帧率未测不声称通过
CHAR-360,儿童人体LOD派生,角色动物LOD,配色尺寸变体,可见区/画质/池化,缺失待制,提示词.md:145-149；src/rendering/citizen-appearance.ts:121-134（当前LOD来自程序粗部件）,从已验近景母版离线减面/合并图集与socket派生,只读Citizen.id/position/state/role + extension.actorProfiles.age/alive；拟visualDescriptor/骨骼socket；不写模拟或碰撞,CHAR-063,各级保儿童头身比例，不能用成人代理仅缩小；近远LOD不是独立model,在固定相机/昼夜对照检查切换形体与颜色稳定、无弹跳或分身；预算记录实测，macOS帧率未测不声称通过
CHAR-361,四足动物LOD族派生,角色动物LOD,配色尺寸变体,可见区/画质/池化,缺失待制,"提示词.md:145-149；src/rendering/citizen-appearance.ts:121-134（现仅程序near/far）；开发备忘录.md:322；docs/需求实现验证矩阵.md:56；src/types.ts:33,48（有biodiversity数值，无动物实体/外观契约）；src/renderer.ts:829-832（只消费居民、货品、车辆）",从已验近景母版离线减面/合并图集与socket派生,拟动物实体id/species/owner/position/age/state + 可见区池接口；当前types.ts无该契约，资产不假造生态或库存,CHAR-306,按每个已确认四足母版生成近/中/远几何，族规则不算每色新model；近远LOD不是独立model,在固定相机/昼夜对照检查切换形体与颜色稳定、无弹跳或分身；预算记录实测，macOS帧率未测不声称通过
CHAR-362,鸟类动物LOD族派生,角色动物LOD,配色尺寸变体,可见区/画质/池化,缺失待制,"提示词.md:145-149；src/rendering/citizen-appearance.ts:121-134（现仅程序near/far）；开发备忘录.md:322；docs/需求实现验证矩阵.md:56；src/types.ts:33,48（有biodiversity数值，无动物实体/外观契约）；src/renderer.ts:829-832（只消费居民、货品、车辆）",从已验近景母版离线减面/合并图集与socket派生,拟动物实体id/species/owner/position/age/state + 可见区池接口；当前types.ts无该契约，资产不假造生态或库存,CHAR-319,保鸟翼/尾/落地尺寸，远距代理不穿栖息面；近远LOD不是独立model,在固定相机/昼夜对照检查切换形体与颜色稳定、无弹跳或分身；预算记录实测，macOS帧率未测不声称通过
CHAR-363,鱼类动物LOD族派生,角色动物LOD,配色尺寸变体,可见区/画质/池化,缺失待制,"提示词.md:145-149；src/rendering/citizen-appearance.ts:121-134（现仅程序near/far）；开发备忘录.md:322；docs/需求实现验证矩阵.md:56；src/types.ts:33,48（有biodiversity数值，无动物实体/外观契约）；src/renderer.ts:829-832（只消费居民、货品、车辆）",从已验近景母版离线减面/合并图集与socket派生,拟动物实体id/species/owner/position/age/state + 可见区池接口；当前types.ts无该契约，资产不假造生态或库存,CHAR-321,保水下轮廓与实际水域，只读动物位置；近远LOD不是独立model,在固定相机/昼夜对照检查切换形体与颜色稳定、无弹跳或分身；预算记录实测，macOS帧率未测不声称通过
CHAR-364,昆虫动物LOD族派生,角色动物LOD,配色尺寸变体,可见区/画质/池化,缺失待制,"提示词.md:145-149；src/rendering/citizen-appearance.ts:121-134（现仅程序near/far）；开发备忘录.md:322；docs/需求实现验证矩阵.md:56；src/types.ts:33,48（有biodiversity数值，无动物实体/外观契约）；src/renderer.ts:829-832（只消费居民、货品、车辆）",从已验近景母版离线减面/合并图集与socket派生,拟动物实体id/species/owner/position/age/state + 可见区池接口；当前types.ts无该契约，资产不假造生态或库存,CHAR-322,按距离减少翼动/几何，不假造群落产出；近远LOD不是独立model,在固定相机/昼夜对照检查切换形体与颜色稳定、无弹跳或分身；预算记录实测，macOS帧率未测不声称通过
