asset_id,范围性质,说明
BUILT-001,明确域需求/现有成果,Domain evidence and individual acceptance requirement; this row is not an asset-ready claim.
BUILT-002,明确域需求/现有成果,Domain evidence and individual acceptance requirement; this row is not an asset-ready claim.
BUILT-003,明确域需求/现有成果,Domain evidence and individual acceptance requirement; this row is not an asset-ready claim.
BUILT-004,明确域需求/现有成果,Domain evidence and individual acceptance requirement; this row is not an asset-ready claim.
BUILT-005,明确域需求/现有成果,Domain evidence and individual acceptance requirement; this row is not an asset-ready claim.
BUILT-006,明确域需求/现有成果,Domain evidence and individual acceptance requirement; this row is not an asset-ready claim.
BUILT-007,明确域需求/现有成果,Domain evidence and individual acceptance requirement; this row is not an asset-ready claim.
BUILT-008,明确域需求/现有成果,Domain evidence and individual acceptance requirement; this row is not an asset-ready claim.
BUILT-009,明确域需求/现有成果,Domain evidence and individual acceptance requirement; this row is not an asset-ready claim.
BUILT-010,明确域需求/现有成果,Domain evidence and individual acceptance requirement; this row is not an asset-ready claim.
BUILT-011,明确域需求/现有成果,Domain evidence and individual acceptance requirement; this row is not an asset-ready claim.
BUILT-012,明确域需求/现有成果,Domain evidence and individual acceptance requirement; this row is not an asset-ready claim.
BUILT-013,明确域需求/现有成果,Domain evidence and individual acceptance requirement; this row is not an asset-ready claim.
BUILT-014,明确域需求/现有成果,Domain evidence and individual acceptance requirement; this row is not an asset-ready claim.
BUILT-015,明确域需求/现有成果,Domain evidence and individual acceptance requirement; this row is not an asset-ready claim.
BUILT-016,明确域需求/现有成果,Domain evidence and individual acceptance requirement; this row is not an asset-ready claim.
BUILT-017,明确域需求/现有成果,Domain evidence and individual acceptance requirement; this row is not an asset-ready claim.
BUILT-018,明确域需求/现有成果,Domain evidence and individual acceptance requirement; this row is not an asset-ready claim.
BUILT-019,明确域需求/现有成果,Domain evidence and individual acceptance requirement; this row is not an asset-ready claim.
BUILT-020,明确域需求/现有成果,Domain evidence and individual acceptance requirement; this row is not an asset-ready claim.
BUILT-021,明确域需求/现有成果,Domain evidence and individual acceptance requirement; this row is not an asset-ready claim.
BUILT-022,明确域需求/现有成果,Domain evidence and individual acceptance requirement; this row is not an asset-ready claim.
BUILT-023,明确域需求/现有成果,Domain evidence and individual acceptance requirement; this row is not an asset-ready claim.
BUILT-024,明确域需求/现有成果,Domain evidence and individual acceptance requirement; this row is not an asset-ready claim.
BUILT-025,明确域需求/现有成果,Domain evidence and individual acceptance requirement; this row is not an asset-ready claim.
BUILT-026,明确域需求/现有成果,Domain evidence and individual acceptance requirement; this row is not an asset-ready claim.
BUILT-027,明确域需求/现有成果,Domain evidence and individual acceptance requirement; this row is not an asset-ready claim.
BUILT-028,明确域需求/现有成果,Domain evidence and individual acceptance requirement; this row is not an asset-ready claim.
BUILT-029,明确域需求/现有成果,Domain evidence and individual acceptance requirement; this row is not an asset-ready claim.
BUILT-030,明确域需求/现有成果,Domain evidence and individual acceptance requirement; this row is not an asset-ready claim.
BUILT-031,明确域需求/现有成果,Domain evidence and individual acceptance requirement; this row is not an asset-ready claim.
BUILT-032,明确域需求/现有成果,Domain evidence and individual acceptance requirement; this row is not an asset-ready claim.
BUILT-033,明确域需求/现有成果,Domain evidence and individual acceptance requirement; this row is not an asset-ready claim.
BUILT-034,明确域需求/现有成果,Domain evidence and individual acceptance requirement; this row is not an asset-ready claim.
BUILT-035,明确域需求/现有成果,Domain evidence and individual acceptance requirement; this row is not an asset-ready claim.
BUILT-036,明确域需求/现有成果,Domain evidence and individual acceptance requirement; this row is not an asset-ready claim.
BUILT-037,明确域需求/现有成果,Domain evidence and individual acceptance requirement; this row is not an asset-ready claim.
BUILT-038,明确域需求/现有成果,Domain evidence and individual acceptance requirement; this row is not an asset-ready claim.
BUILT-039,明确域需求/现有成果,Domain evidence and individual acceptance requirement; this row is not an asset-ready claim.
BUILT-040,明确域需求/现有成果,Domain evidence and individual acceptance requirement; this row is not an asset-ready claim.
BUILT-041,明确域需求/现有成果,Domain evidence and individual acceptance requirement; this row is not an asset-ready claim.
BUILT-042,明确域需求/现有成果,Domain evidence and individual acceptance requirement; this row is not an asset-ready claim.
BUILT-043,明确域需求/现有成果,Domain evidence and individual acceptance requirement; this row is not an asset-ready claim.
BUILT-044,明确域需求/现有成果,Domain evidence and individual acceptance requirement; this row is not an asset-ready claim.
BUILT-045,明确域需求/现有成果,Domain evidence and individual acceptance requirement; this row is not an asset-ready claim.
BUILT-046,明确域需求/现有成果,Domain evidence and individual acceptance requirement; this row is not an asset-ready claim.
BUILT-047,明确域需求/现有成果,Domain evidence and individual acceptance requirement; this row is not an asset-ready claim.
BUILT-048,明确域需求/现有成果,Domain evidence and individual acceptance requirement; this row is not an asset-ready claim.
BUILT-049,明确域需求/现有成果,Domain evidence and individual acceptance requirement; this row is not an asset-ready claim.
BUILT-050,明确域需求/现有成果,Domain evidence and individual acceptance requirement; this row is not an asset-ready claim.
BUILT-051,明确域需求/现有成果,Domain evidence and individual acceptance requirement; this row is not an asset-ready claim.
BUILT-052,明确域需求/现有成果,Domain evidence and individual acceptance requirement; this row is not an asset-ready claim.
BUILT-053,明确域需求/现有成果,Domain evidence and individual acceptance requirement; this row is not an asset-ready claim.
BUILT-054,明确域需求/现有成果,Domain evidence and individual acceptance requirement; this row is not an asset-ready claim.
BUILT-055,明确域需求/现有成果,Domain evidence and individual acceptance requirement; this row is not an asset-ready claim.
BUILT-056,明确域需求/现有成果,Domain evidence and individual acceptance requirement; this row is not an asset-ready claim.
BUILT-057,明确域需求/现有成果,Domain evidence and individual acceptance requirement; this row is not an asset-ready claim.
BUILT-058,明确域需求/现有成果,Domain evidence and individual acceptance requirement; this row is not an asset-ready claim.
BUILT-059,明确域需求/现有成果,Domain evidence and individual acceptance requirement; this row is not an asset-ready claim.
BUILT-060,明确域需求/现有成果,Domain evidence and individual acceptance requirement; this row is not an asset-ready claim.
BUILT-061,明确域需求/现有成果,Domain evidence and individual acceptance requirement; this row is not an asset-ready claim.
BUILT-062,明确域需求/现有成果,Domain evidence and individual acceptance requirement; this row is not an asset-ready claim.
BUILT-063,明确域需求/现有成果,Domain evidence and individual acceptance requirement; this row is not an asset-ready claim.
BUILT-064,明确域需求/现有成果,Domain evidence and individual acceptance requirement; this row is not an asset-ready claim.
BUILT-065,明确域需求/现有成果,Domain evidence and individual acceptance requirement; this row is not an asset-ready claim.
BUILT-066,明确域需求/现有成果,Domain evidence and individual acceptance requirement; this row is not an asset-ready claim.
BUILT-067,明确域需求/现有成果,Domain evidence and individual acceptance requirement; this row is not an asset-ready claim.
BUILT-068,明确域需求/现有成果,Domain evidence and individual acceptance requirement; this row is not an asset-ready claim.
BUILT-069,明确域需求/现有成果,Domain evidence and individual acceptance requirement; this row is not an asset-ready claim.
BUILT-070,明确域需求/现有成果,Domain evidence and individual acceptance requirement; this row is not an asset-ready claim.
BUILT-071,明确域需求/现有成果,Domain evidence and individual acceptance requirement; this row is not an asset-ready claim.
BUILT-072,明确域需求/现有成果,Domain evidence and individual acceptance requirement; this row is not an asset-ready claim.
BUILT-073,明确域需求/现有成果,Domain evidence and individual acceptance requirement; this row is not an asset-ready claim.
BUILT-074,明确域需求/现有成果,Domain evidence and individual acceptance requirement; this row is not an asset-ready claim.
BUILT-075,明确域需求/现有成果,Domain evidence and individual acceptance requirement; this row is not an asset-ready claim.
BUILT-076,明确域需求/现有成果,Domain evidence and individual acceptance requirement; this row is not an asset-ready claim.
BUILT-077,明确域需求/现有成果,Domain evidence and individual acceptance requirement; this row is not an asset-ready claim.
BUILT-078,明确域需求/现有成果,Domain evidence and individual acceptance requirement; this row is not an asset-ready claim.
BUILT-079,明确域需求/现有成果,Domain evidence and individual acceptance requirement; this row is not an asset-ready claim.
BUILT-080,明确域需求/现有成果,Domain evidence and individual acceptance requirement; this row is not an asset-ready claim.
BUILT-081,明确域需求/现有成果,Domain evidence and individual acceptance requirement; this row is not an asset-ready claim.
BUILT-082,明确域需求/现有成果,Domain evidence and individual acceptance requirement; this row is not an asset-ready claim.
BUILT-083,明确域需求/现有成果,Domain evidence and individual acceptance requirement; this row is not an asset-ready claim.
BUILT-084,明确域需求/现有成果,Domain evidence and individual acceptance requirement; this row is not an asset-ready claim.
BUILT-085,明确域需求/现有成果,Domain evidence and individual acceptance requirement; this row is not an asset-ready claim.
BUILT-086,明确域需求/现有成果,Domain evidence and individual acceptance requirement; this row is not an asset-ready claim.
BUILT-087,明确域需求/现有成果,Domain evidence and individual acceptance requirement; this row is not an asset-ready claim.
BUILT-088,明确域需求/现有成果,Domain evidence and individual acceptance requirement; this row is not an asset-ready claim.
BUILT-089,明确域需求/现有成果,Domain evidence and individual acceptance requirement; this row is not an asset-ready claim.
BUILT-090,明确域需求/现有成果,Domain evidence and individual acceptance requirement; this row is not an asset-ready claim.
BUILT-091,明确域需求/现有成果,Domain evidence and individual acceptance requirement; this row is not an asset-ready claim.
BUILT-092,明确域需求/现有成果,Domain evidence and individual acceptance requirement; this row is not an asset-ready claim.
BUILT-093,明确域需求/现有成果,Domain evidence and individual acceptance requirement; this row is not an asset-ready claim.
BUILT-094,明确域需求/现有成果,Domain evidence and individual acceptance requirement; this row is not an asset-ready claim.
BUILT-095,明确域需求/现有成果,Domain evidence and individual acceptance requirement; this row is not an asset-ready claim.
BUILT-096,明确域需求/现有成果,Domain evidence and individual acceptance requirement; this row is not an asset-ready claim.
BUILT-097,明确域需求/现有成果,Domain evidence and individual acceptance requirement; this row is not an asset-ready claim.
BUILT-098,明确域需求/现有成果,Domain evidence and individual acceptance requirement; this row is not an asset-ready claim.
BUILT-099,明确域需求/现有成果,Domain evidence and individual acceptance requirement; this row is not an asset-ready claim.
BUILT-100,明确域需求/现有成果,Domain evidence and individual acceptance requirement; this row is not an asset-ready claim.
BUILT-101,明确域需求/现有成果,Domain evidence and individual acceptance requirement; this row is not an asset-ready claim.
BUILT-102,明确域需求/现有成果,Domain evidence and individual acceptance requirement; this row is not an asset-ready claim.
BUILT-103,明确域需求/现有成果,Domain evidence and individual acceptance requirement; this row is not an asset-ready claim.
BUILT-104,明确域需求/现有成果,Domain evidence and individual acceptance requirement; this row is not an asset-ready claim.
BUILT-105,明确域需求/现有成果,Domain evidence and individual acceptance requirement; this row is not an asset-ready claim.
BUILT-106,明确域需求/现有成果,Domain evidence and individual acceptance requirement; this row is not an asset-ready claim.
BUILT-107,明确域需求/现有成果,Domain evidence and individual acceptance requirement; this row is not an asset-ready claim.
BUILT-108,明确域需求/现有成果,Domain evidence and individual acceptance requirement; this row is not an asset-ready claim.
BUILT-109,明确域需求/现有成果,Domain evidence and individual acceptance requirement; this row is not an asset-ready claim.
BUILT-110,明确域需求/现有成果,Domain evidence and individual acceptance requirement; this row is not an asset-ready claim.
BUILT-111,明确域需求/现有成果,Domain evidence and individual acceptance requirement; this row is not an asset-ready claim.
BUILT-112,明确域需求/现有成果,Domain evidence and individual acceptance requirement; this row is not an asset-ready claim.
BUILT-113,明确域需求/现有成果,Domain evidence and individual acceptance requirement; this row is not an asset-ready claim.
BUILT-114,明确域需求/现有成果,Domain evidence and individual acceptance requirement; this row is not an asset-ready claim.
BUILT-115,明确域需求/现有成果,Domain evidence and individual acceptance requirement; this row is not an asset-ready claim.
BUILT-116,明确域需求/现有成果,Domain evidence and individual acceptance requirement; this row is not an asset-ready claim.
BUILT-117,明确域需求/现有成果,Domain evidence and individual acceptance requirement; this row is not an asset-ready claim.
BUILT-118,明确域需求/现有成果,Domain evidence and individual acceptance requirement; this row is not an asset-ready claim.
BUILT-119,明确域需求/现有成果,Domain evidence and individual acceptance requirement; this row is not an asset-ready claim.
BUILT-120,明确域需求/现有成果,Domain evidence and individual acceptance requirement; this row is not an asset-ready claim.
BUILT-121,明确域需求/现有成果,Domain evidence and individual acceptance requirement; this row is not an asset-ready claim.
BUILT-122,明确域需求/现有成果,Domain evidence and individual acceptance requirement; this row is not an asset-ready claim.
BUILT-123,明确域需求/现有成果,Domain evidence and individual acceptance requirement; this row is not an asset-ready claim.
BUILT-124,明确域需求/现有成果,Domain evidence and individual acceptance requirement; this row is not an asset-ready claim.
BUILT-125,明确域需求/现有成果,Domain evidence and individual acceptance requirement; this row is not an asset-ready claim.
BUILT-126,明确域需求/现有成果,Domain evidence and individual acceptance requirement; this row is not an asset-ready claim.
BUILT-127,明确域需求/现有成果,Domain evidence and individual acceptance requirement; this row is not an asset-ready claim.
BUILT-128,明确域需求/现有成果,Domain evidence and individual acceptance requirement; this row is not an asset-ready claim.
BUILT-129,明确域需求/现有成果,Domain evidence and individual acceptance requirement; this row is not an asset-ready claim.
BUILT-130,明确域需求/现有成果,Domain evidence and individual acceptance requirement; this row is not an asset-ready claim.
BUILT-131,明确域需求/现有成果,Domain evidence and individual acceptance requirement; this row is not an asset-ready claim.
BUILT-132,明确域需求/现有成果,Domain evidence and individual acceptance requirement; this row is not an asset-ready claim.
BUILT-133,明确域需求/现有成果,Domain evidence and individual acceptance requirement; this row is not an asset-ready claim.
BUILT-134,明确域需求/现有成果,Domain evidence and individual acceptance requirement; this row is not an asset-ready claim.
BUILT-135,明确域需求/现有成果,Domain evidence and individual acceptance requirement; this row is not an asset-ready claim.
BUILT-136,明确域需求/现有成果,Domain evidence and individual acceptance requirement; this row is not an asset-ready claim.
BUILT-137,明确域需求/现有成果,Domain evidence and individual acceptance requirement; this row is not an asset-ready claim.
BUILT-138,明确域需求/现有成果,Domain evidence and individual acceptance requirement; this row is not an asset-ready claim.
BUILT-139,明确域需求/现有成果,Domain evidence and individual acceptance requirement; this row is not an asset-ready claim.
BUILT-140,明确域需求/现有成果,Domain evidence and individual acceptance requirement; this row is not an asset-ready claim.
BUILT-141,明确域需求/现有成果,Domain evidence and individual acceptance requirement; this row is not an asset-ready claim.
BUILT-142,明确域需求/现有成果,Domain evidence and individual acceptance requirement; this row is not an asset-ready claim.
BUILT-143,明确域需求/现有成果,Domain evidence and individual acceptance requirement; this row is not an asset-ready claim.
BUILT-144,明确域需求/现有成果,Domain evidence and individual acceptance requirement; this row is not an asset-ready claim.
BUILT-145,明确域需求/现有成果,Domain evidence and individual acceptance requirement; this row is not an asset-ready claim.
BUILT-146,明确域需求/现有成果,Domain evidence and individual acceptance requirement; this row is not an asset-ready claim.
BUILT-147,明确域需求/现有成果,Domain evidence and individual acceptance requirement; this row is not an asset-ready claim.
BUILT-148,明确域需求/现有成果,Domain evidence and individual acceptance requirement; this row is not an asset-ready claim.
BUILT-149,明确域需求/现有成果,Domain evidence and individual acceptance requirement; this row is not an asset-ready claim.
BUILT-150,明确域需求/现有成果,Domain evidence and individual acceptance requirement; this row is not an asset-ready claim.
BUILT-151,明确域需求/现有成果,Domain evidence and individual acceptance requirement; this row is not an asset-ready claim.
BUILT-152,明确域需求/现有成果,Domain evidence and individual acceptance requirement; this row is not an asset-ready claim.
BUILT-153,明确域需求/现有成果,Domain evidence and individual acceptance requirement; this row is not an asset-ready claim.
BUILT-154,明确域需求/现有成果,Domain evidence and individual acceptance requirement; this row is not an asset-ready claim.
BUILT-155,明确域需求/现有成果,Domain evidence and individual acceptance requirement; this row is not an asset-ready claim.
BUILT-156,明确域需求/现有成果,Domain evidence and individual acceptance requirement; this row is not an asset-ready claim.
BUILT-157,明确域需求/现有成果,Domain evidence and individual acceptance requirement; this row is not an asset-ready claim.
BUILT-158,明确域需求/现有成果,Domain evidence and individual acceptance requirement; this row is not an asset-ready claim.
BUILT-159,明确域需求/现有成果,Domain evidence and individual acceptance requirement; this row is not an asset-ready claim.
BUILT-160,明确域需求/现有成果,Domain evidence and individual acceptance requirement; this row is not an asset-ready claim.
BUILT-161,明确域需求/现有成果,Domain evidence and individual acceptance requirement; this row is not an asset-ready claim.
BUILT-162,明确域需求/现有成果,Domain evidence and individual acceptance requirement; this row is not an asset-ready claim.
BUILT-163,明确域需求/现有成果,Domain evidence and individual acceptance requirement; this row is not an asset-ready claim.
BUILT-164,明确域需求/现有成果,Domain evidence and individual acceptance requirement; this row is not an asset-ready claim.
BUILT-165,明确域需求/现有成果,Domain evidence and individual acceptance requirement; this row is not an asset-ready claim.
BUILT-166,明确域需求/现有成果,Domain evidence and individual acceptance requirement; this row is not an asset-ready claim.
BUILT-167,明确域需求/现有成果,Domain evidence and individual acceptance requirement; this row is not an asset-ready claim.
BUILT-168,明确域需求/现有成果,Domain evidence and individual acceptance requirement; this row is not an asset-ready claim.
BUILT-169,明确域需求/现有成果,Domain evidence and individual acceptance requirement; this row is not an asset-ready claim.
BUILT-170,明确域需求/现有成果,Domain evidence and individual acceptance requirement; this row is not an asset-ready claim.
BUILT-171,明确域需求/现有成果,Domain evidence and individual acceptance requirement; this row is not an asset-ready claim.
BUILT-172,明确域需求/现有成果,Domain evidence and individual acceptance requirement; this row is not an asset-ready claim.
BUILT-173,明确域需求/现有成果,Domain evidence and individual acceptance requirement; this row is not an asset-ready claim.
BUILT-174,明确域需求/现有成果,Domain evidence and individual acceptance requirement; this row is not an asset-ready claim.
BUILT-175,明确域需求/现有成果,Domain evidence and individual acceptance requirement; this row is not an asset-ready claim.
BUILT-176,明确域需求/现有成果,Domain evidence and individual acceptance requirement; this row is not an asset-ready claim.
BUILT-177,明确域需求/现有成果,Domain evidence and individual acceptance requirement; this row is not an asset-ready claim.
BUILT-178,明确域需求/现有成果,Domain evidence and individual acceptance requirement; this row is not an asset-ready claim.
BUILT-179,明确域需求/现有成果,Domain evidence and individual acceptance requirement; this row is not an asset-ready claim.
BUILT-180,明确域需求/现有成果,Domain evidence and individual acceptance requirement; this row is not an asset-ready claim.
BUILT-181,明确域需求/现有成果,Domain evidence and individual acceptance requirement; this row is not an asset-ready claim.
BUILT-182,明确域需求/现有成果,Domain evidence and individual acceptance requirement; this row is not an asset-ready claim.
BUILT-183,明确域需求/现有成果,Domain evidence and individual acceptance requirement; this row is not an asset-ready claim.
BUILT-184,明确域需求/现有成果,Domain evidence and individual acceptance requirement; this row is not an asset-ready claim.
BUILT-185,明确域需求/现有成果,Domain evidence and individual acceptance requirement; this row is not an asset-ready claim.
BUILT-186,明确域需求/现有成果,Domain evidence and individual acceptance requirement; this row is not an asset-ready claim.
BUILT-187,明确域需求/现有成果,Domain evidence and individual acceptance requirement; this row is not an asset-ready claim.
BUILT-188,明确域需求/现有成果,Domain evidence and individual acceptance requirement; this row is not an asset-ready claim.
BUILT-189,明确域需求/现有成果,Domain evidence and individual acceptance requirement; this row is not an asset-ready claim.
BUILT-190,明确域需求/现有成果,Domain evidence and individual acceptance requirement; this row is not an asset-ready claim.
BUILT-191,明确域需求/现有成果,Domain evidence and individual acceptance requirement; this row is not an asset-ready claim.
BUILT-192,明确域需求/现有成果,Domain evidence and individual acceptance requirement; this row is not an asset-ready claim.
BUILT-193,明确域需求/现有成果,Domain evidence and individual acceptance requirement; this row is not an asset-ready claim.
BUILT-194,明确域需求/现有成果,Domain evidence and individual acceptance requirement; this row is not an asset-ready claim.
BUILT-195,明确域需求/现有成果,Domain evidence and individual acceptance requirement; this row is not an asset-ready claim.
BUILT-196,明确域需求/现有成果,Domain evidence and individual acceptance requirement; this row is not an asset-ready claim.
BUILT-197,明确域需求/现有成果,Domain evidence and individual acceptance requirement; this row is not an asset-ready claim.
BUILT-198,明确域需求/现有成果,Domain evidence and individual acceptance requirement; this row is not an asset-ready claim.
BUILT-199,明确域需求/现有成果,Domain evidence and individual acceptance requirement; this row is not an asset-ready claim.
BUILT-200,明确域需求/现有成果,Domain evidence and individual acceptance requirement; this row is not an asset-ready claim.
BUILT-201,明确域需求/现有成果,Domain evidence and individual acceptance requirement; this row is not an asset-ready claim.
BUILT-202,明确域需求/现有成果,Domain evidence and individual acceptance requirement; this row is not an asset-ready claim.
BUILT-203,明确域需求/现有成果,Domain evidence and individual acceptance requirement; this row is not an asset-ready claim.
BUILT-204,明确域需求/现有成果,Domain evidence and individual acceptance requirement; this row is not an asset-ready claim.
BUILT-205,明确域需求/现有成果,Domain evidence and individual acceptance requirement; this row is not an asset-ready claim.
BUILT-206,明确域需求/现有成果,Domain evidence and individual acceptance requirement; this row is not an asset-ready claim.
BUILT-207,明确域需求/现有成果,Domain evidence and individual acceptance requirement; this row is not an asset-ready claim.
BUILT-208,明确域需求/现有成果,Domain evidence and individual acceptance requirement; this row is not an asset-ready claim.
BUILT-209,明确域需求/现有成果,Domain evidence and individual acceptance requirement; this row is not an asset-ready claim.
BUILT-210,明确域需求/现有成果,Domain evidence and individual acceptance requirement; this row is not an asset-ready claim.
BUILT-211,明确域需求/现有成果,Domain evidence and individual acceptance requirement; this row is not an asset-ready claim.
BUILT-212,明确域需求/现有成果,Domain evidence and individual acceptance requirement; this row is not an asset-ready claim.
BUILT-213,明确域需求/现有成果,Domain evidence and individual acceptance requirement; this row is not an asset-ready claim.
BUILT-214,明确域需求/现有成果,Domain evidence and individual acceptance requirement; this row is not an asset-ready claim.
BUILT-215,明确域需求/现有成果,Domain evidence and individual acceptance requirement; this row is not an asset-ready claim.
BUILT-216,明确域需求/现有成果,Domain evidence and individual acceptance requirement; this row is not an asset-ready claim.
BUILT-217,明确域需求/现有成果,Domain evidence and individual acceptance requirement; this row is not an asset-ready claim.
BUILT-218,明确域需求/现有成果,Domain evidence and individual acceptance requirement; this row is not an asset-ready claim.
BUILT-219,明确域需求/现有成果,Domain evidence and individual acceptance requirement; this row is not an asset-ready claim.
BUILT-220,明确域需求/现有成果,Domain evidence and individual acceptance requirement; this row is not an asset-ready claim.
BUILT-221,明确域需求/现有成果,Domain evidence and individual acceptance requirement; this row is not an asset-ready claim.
BUILT-222,明确域需求/现有成果,Domain evidence and individual acceptance requirement; this row is not an asset-ready claim.
BUILT-223,明确域需求/现有成果,Domain evidence and individual acceptance requirement; this row is not an asset-ready claim.
BUILT-224,明确域需求/现有成果,Domain evidence and individual acceptance requirement; this row is not an asset-ready claim.
BUILT-225,明确域需求/现有成果,Domain evidence and individual acceptance requirement; this row is not an asset-ready claim.
BUILT-226,明确域需求/现有成果,Domain evidence and individual acceptance requirement; this row is not an asset-ready claim.
BUILT-227,明确域需求/现有成果,Domain evidence and individual acceptance requirement; this row is not an asset-ready claim.
BUILT-228,明确域需求/现有成果,Domain evidence and individual acceptance requirement; this row is not an asset-ready claim.
BUILT-229,明确域需求/现有成果,Domain evidence and individual acceptance requirement; this row is not an asset-ready claim.
BUILT-230,明确域需求/现有成果,Domain evidence and individual acceptance requirement; this row is not an asset-ready claim.
BUILT-231,明确域需求/现有成果,Domain evidence and individual acceptance requirement; this row is not an asset-ready claim.
BUILT-232,明确域需求/现有成果,Domain evidence and individual acceptance requirement; this row is not an asset-ready claim.
BUILT-233,明确域需求/现有成果,Domain evidence and individual acceptance requirement; this row is not an asset-ready claim.
BUILT-234,明确域需求/现有成果,Domain evidence and individual acceptance requirement; this row is not an asset-ready claim.
BUILT-235,明确域需求/现有成果,Domain evidence and individual acceptance requirement; this row is not an asset-ready claim.
BUILT-236,明确域需求/现有成果,Domain evidence and individual acceptance requirement; this row is not an asset-ready claim.
BUILT-237,明确域需求/现有成果,Domain evidence and individual acceptance requirement; this row is not an asset-ready claim.
BUILT-238,明确域需求/现有成果,Domain evidence and individual acceptance requirement; this row is not an asset-ready claim.
BUILT-239,明确域需求/现有成果,Domain evidence and individual acceptance requirement; this row is not an asset-ready claim.
BUILT-240,明确域需求/现有成果,Domain evidence and individual acceptance requirement; this row is not an asset-ready claim.
BUILT-241,明确域需求/现有成果,Domain evidence and individual acceptance requirement; this row is not an asset-ready claim.
BUILT-242,明确域需求/现有成果,Domain evidence and individual acceptance requirement; this row is not an asset-ready claim.
BUILT-243,明确域需求/现有成果,Domain evidence and individual acceptance requirement; this row is not an asset-ready claim.
BUILT-244,明确域需求/现有成果,Domain evidence and individual acceptance requirement; this row is not an asset-ready claim.
BUILT-245,明确域需求/现有成果,Domain evidence and individual acceptance requirement; this row is not an asset-ready claim.
BUILT-246,明确域需求/现有成果,Domain evidence and individual acceptance requirement; this row is not an asset-ready claim.
BUILT-247,明确域需求/现有成果,Domain evidence and individual acceptance requirement; this row is not an asset-ready claim.
BUILT-248,明确域需求/现有成果,Domain evidence and individual acceptance requirement; this row is not an asset-ready claim.
BUILT-249,明确域需求/现有成果,Domain evidence and individual acceptance requirement; this row is not an asset-ready claim.
BUILT-250,明确域需求/现有成果,Domain evidence and individual acceptance requirement; this row is not an asset-ready claim.
BUILT-251,明确域需求/现有成果,Domain evidence and individual acceptance requirement; this row is not an asset-ready claim.
BUILT-252,明确域需求/现有成果,Domain evidence and individual acceptance requirement; this row is not an asset-ready claim.
BUILT-253,明确域需求/现有成果,Domain evidence and individual acceptance requirement; this row is not an asset-ready claim.
BUILT-254,明确域需求/现有成果,Domain evidence and individual acceptance requirement; this row is not an asset-ready claim.
BUILT-255,明确域需求/现有成果,Domain evidence and individual acceptance requirement; this row is not an asset-ready claim.
BUILT-256,明确域需求/现有成果,Domain evidence and individual acceptance requirement; this row is not an asset-ready claim.
BUILT-257,明确域需求/现有成果,Domain evidence and individual acceptance requirement; this row is not an asset-ready claim.
BUILT-258,明确域需求/现有成果,Domain evidence and individual acceptance requirement; this row is not an asset-ready claim.
BUILT-259,明确域需求/现有成果,Domain evidence and individual acceptance requirement; this row is not an asset-ready claim.
BUILT-260,明确域需求/现有成果,Domain evidence and individual acceptance requirement; this row is not an asset-ready claim.
BUILT-261,明确域需求/现有成果,Domain evidence and individual acceptance requirement; this row is not an asset-ready claim.
BUILT-262,明确域需求/现有成果,Domain evidence and individual acceptance requirement; this row is not an asset-ready claim.
BUILT-263,明确域需求/现有成果,Domain evidence and individual acceptance requirement; this row is not an asset-ready claim.
BUILT-264,明确域需求/现有成果,Domain evidence and individual acceptance requirement; this row is not an asset-ready claim.
BUILT-265,明确域需求/现有成果,Domain evidence and individual acceptance requirement; this row is not an asset-ready claim.
BUILT-266,明确域需求/现有成果,Domain evidence and individual acceptance requirement; this row is not an asset-ready claim.
BUILT-267,明确域需求/现有成果,Domain evidence and individual acceptance requirement; this row is not an asset-ready claim.
BUILT-268,明确域需求/现有成果,Domain evidence and individual acceptance requirement; this row is not an asset-ready claim.
BUILT-269,明确域需求/现有成果,Domain evidence and individual acceptance requirement; this row is not an asset-ready claim.
BUILT-270,明确域需求/现有成果,Domain evidence and individual acceptance requirement; this row is not an asset-ready claim.
BUILT-271,明确域需求/现有成果,Domain evidence and individual acceptance requirement; this row is not an asset-ready claim.
BUILT-272,明确域需求/现有成果,Domain evidence and individual acceptance requirement; this row is not an asset-ready claim.
BUILT-273,明确域需求/现有成果,Domain evidence and individual acceptance requirement; this row is not an asset-ready claim.
BUILT-274,明确域需求/现有成果,Domain evidence and individual acceptance requirement; this row is not an asset-ready claim.
BUILT-275,明确域需求/现有成果,Domain evidence and individual acceptance requirement; this row is not an asset-ready claim.
BUILT-276,明确域需求/现有成果,Domain evidence and individual acceptance requirement; this row is not an asset-ready claim.
BUILT-277,明确域需求/现有成果,Domain evidence and individual acceptance requirement; this row is not an asset-ready claim.
BUILT-278,明确域需求/现有成果,Domain evidence and individual acceptance requirement; this row is not an asset-ready claim.
BUILT-279,明确域需求/现有成果,Domain evidence and individual acceptance requirement; this row is not an asset-ready claim.
BUILT-280,明确域需求/现有成果,Domain evidence and individual acceptance requirement; this row is not an asset-ready claim.
BUILT-281,明确域需求/现有成果,Domain evidence and individual acceptance requirement; this row is not an asset-ready claim.
BUILT-282,明确域需求/现有成果,Domain evidence and individual acceptance requirement; this row is not an asset-ready claim.
BUILT-283,明确域需求/现有成果,Domain evidence and individual acceptance requirement; this row is not an asset-ready claim.
BUILT-284,明确域需求/现有成果,Domain evidence and individual acceptance requirement; this row is not an asset-ready claim.
BUILT-285,明确域需求/现有成果,Domain evidence and individual acceptance requirement; this row is not an asset-ready claim.
BUILT-286,明确域需求/现有成果,Domain evidence and individual acceptance requirement; this row is not an asset-ready claim.
BUILT-287,明确域需求/现有成果,Domain evidence and individual acceptance requirement; this row is not an asset-ready claim.
BUILT-288,明确域需求/现有成果,Domain evidence and individual acceptance requirement; this row is not an asset-ready claim.
BUILT-289,明确域需求/现有成果,Domain evidence and individual acceptance requirement; this row is not an asset-ready claim.
BUILT-290,明确域需求/现有成果,Domain evidence and individual acceptance requirement; this row is not an asset-ready claim.
BUILT-291,明确域需求/现有成果,Domain evidence and individual acceptance requirement; this row is not an asset-ready claim.
BUILT-292,明确域需求/现有成果,Domain evidence and individual acceptance requirement; this row is not an asset-ready claim.
BUILT-293,明确域需求/现有成果,Domain evidence and individual acceptance requirement; this row is not an asset-ready claim.
BUILT-294,明确域需求/现有成果,Domain evidence and individual acceptance requirement; this row is not an asset-ready claim.
BUILT-295,明确域需求/现有成果,Domain evidence and individual acceptance requirement; this row is not an asset-ready claim.
BUILT-296,明确域需求/现有成果,Domain evidence and individual acceptance requirement; this row is not an asset-ready claim.
BUILT-297,明确域需求/现有成果,Domain evidence and individual acceptance requirement; this row is not an asset-ready claim.
BUILT-298,明确域需求/现有成果,Domain evidence and individual acceptance requirement; this row is not an asset-ready claim.
BUILT-299,明确域需求/现有成果,Domain evidence and individual acceptance requirement; this row is not an asset-ready claim.
BUILT-300,明确域需求/现有成果,Domain evidence and individual acceptance requirement; this row is not an asset-ready claim.
BUILT-301,明确域需求/现有成果,Domain evidence and individual acceptance requirement; this row is not an asset-ready claim.
BUILT-302,明确域需求/现有成果,Domain evidence and individual acceptance requirement; this row is not an asset-ready claim.
BUILT-303,明确域需求/现有成果,Domain evidence and individual acceptance requirement; this row is not an asset-ready claim.
BUILT-304,明确域需求/现有成果,Domain evidence and individual acceptance requirement; this row is not an asset-ready claim.
BUILT-305,明确域需求/现有成果,Domain evidence and individual acceptance requirement; this row is not an asset-ready claim.
BUILT-306,明确域需求/现有成果,Domain evidence and individual acceptance requirement; this row is not an asset-ready claim.
BUILT-307,明确域需求/现有成果,Domain evidence and individual acceptance requirement; this row is not an asset-ready claim.
BUILT-308,明确域需求/现有成果,Domain evidence and individual acceptance requirement; this row is not an asset-ready claim.
BUILT-309,明确域需求/现有成果,Domain evidence and individual acceptance requirement; this row is not an asset-ready claim.
BUILT-310,明确域需求/现有成果,Domain evidence and individual acceptance requirement; this row is not an asset-ready claim.
BUILT-311,明确域需求/现有成果,Domain evidence and individual acceptance requirement; this row is not an asset-ready claim.
BUILT-312,明确域需求/现有成果,Domain evidence and individual acceptance requirement; this row is not an asset-ready claim.
BUILT-313,明确域需求/现有成果,Domain evidence and individual acceptance requirement; this row is not an asset-ready claim.
BUILT-314,明确域需求/现有成果,Domain evidence and individual acceptance requirement; this row is not an asset-ready claim.
ENV-001,明确域需求/现有成果,Domain evidence and individual acceptance requirement; this row is not an asset-ready claim.
ENV-002,明确域需求/现有成果,Domain evidence and individual acceptance requirement; this row is not an asset-ready claim.
ENV-003,明确域需求/现有成果,Domain evidence and individual acceptance requirement; this row is not an asset-ready claim.
ENV-004,明确域需求/现有成果,Domain evidence and individual acceptance requirement; this row is not an asset-ready claim.
ENV-005,明确域需求/现有成果,Domain evidence and individual acceptance requirement; this row is not an asset-ready claim.
ENV-006,明确域需求/现有成果,Domain evidence and individual acceptance requirement; this row is not an asset-ready claim.
ENV-007,明确域需求/现有成果,Domain evidence and individual acceptance requirement; this row is not an asset-ready claim.
ENV-008,明确域需求/现有成果,Domain evidence and individual acceptance requirement; this row is not an asset-ready claim.
ENV-009,明确域需求/现有成果,Domain evidence and individual acceptance requirement; this row is not an asset-ready claim.
ENV-010,明确域需求/现有成果,Domain evidence and individual acceptance requirement; this row is not an asset-ready claim.
ENV-011,明确域需求/现有成果,Domain evidence and individual acceptance requirement; this row is not an asset-ready claim.
ENV-012,明确域需求/现有成果,Domain evidence and individual acceptance requirement; this row is not an asset-ready claim.
ENV-013,明确域需求/现有成果,Domain evidence and individual acceptance requirement; this row is not an asset-ready claim.
ENV-014,明确域需求/现有成果,Domain evidence and individual acceptance requirement; this row is not an asset-ready claim.
ENV-015,明确域需求/现有成果,Domain evidence and individual acceptance requirement; this row is not an asset-ready claim.
ENV-016,明确域需求/现有成果,Domain evidence and individual acceptance requirement; this row is not an asset-ready claim.
ENV-017,明确域需求/现有成果,Domain evidence and individual acceptance requirement; this row is not an asset-ready claim.
ENV-018,明确域需求/现有成果,Domain evidence and individual acceptance requirement; this row is not an asset-ready claim.
ENV-019,明确域需求/现有成果,Domain evidence and individual acceptance requirement; this row is not an asset-ready claim.
ENV-020,明确域需求/现有成果,Domain evidence and individual acceptance requirement; this row is not an asset-ready claim.
ENV-021,明确域需求/现有成果,Domain evidence and individual acceptance requirement; this row is not an asset-ready claim.
ENV-022,明确域需求/现有成果,Domain evidence and individual acceptance requirement; this row is not an asset-ready claim.
ENV-023,明确域需求/现有成果,Domain evidence and individual acceptance requirement; this row is not an asset-ready claim.
ENV-024,明确域需求/现有成果,Domain evidence and individual acceptance requirement; this row is not an asset-ready claim.
ENV-025,明确域需求/现有成果,Domain evidence and individual acceptance requirement; this row is not an asset-ready claim.
ENV-026,明确域需求/现有成果,Domain evidence and individual acceptance requirement; this row is not an asset-ready claim.
ENV-027,明确域需求/现有成果,Domain evidence and individual acceptance requirement; this row is not an asset-ready claim.
ENV-028,明确域需求/现有成果,Domain evidence and individual acceptance requirement; this row is not an asset-ready claim.
ENV-029,明确域需求/现有成果,Domain evidence and individual acceptance requirement; this row is not an asset-ready claim.
ENV-030,明确域需求/现有成果,Domain evidence and individual acceptance requirement; this row is not an asset-ready claim.
ENV-031,明确域需求/现有成果,Domain evidence and individual acceptance requirement; this row is not an asset-ready claim.
ENV-032,明确域需求/现有成果,Domain evidence and individual acceptance requirement; this row is not an asset-ready claim.
ENV-033,明确域需求/现有成果,Domain evidence and individual acceptance requirement; this row is not an asset-ready claim.
ENV-034,明确域需求/现有成果,Domain evidence and individual acceptance requirement; this row is not an asset-ready claim.
ENV-035,明确域需求/现有成果,Domain evidence and individual acceptance requirement; this row is not an asset-ready claim.
ENV-036,明确域需求/现有成果,Domain evidence and individual acceptance requirement; this row is not an asset-ready claim.
ENV-037,明确域需求/现有成果,Domain evidence and individual acceptance requirement; this row is not an asset-ready claim.
ENV-038,明确域需求/现有成果,Domain evidence and individual acceptance requirement; this row is not an asset-ready claim.
ENV-039,明确域需求/现有成果,Domain evidence and individual acceptance requirement; this row is not an asset-ready claim.
ENV-040,明确域需求/现有成果,Domain evidence and individual acceptance requirement; this row is not an asset-ready claim.
ENV-041,明确域需求/现有成果,Domain evidence and individual acceptance requirement; this row is not an asset-ready claim.
ENV-042,明确域需求/现有成果,Domain evidence and individual acceptance requirement; this row is not an asset-ready claim.
ENV-043,明确域需求/现有成果,Domain evidence and individual acceptance requirement; this row is not an asset-ready claim.
ENV-044,明确域需求/现有成果,Domain evidence and individual acceptance requirement; this row is not an asset-ready claim.
ENV-045,明确域需求/现有成果,Domain evidence and individual acceptance requirement; this row is not an asset-ready claim.
ENV-046,明确域需求/现有成果,Domain evidence and individual acceptance requirement; this row is not an asset-ready claim.
ENV-047,明确域需求/现有成果,Domain evidence and individual acceptance requirement; this row is not an asset-ready claim.
ENV-048,明确域需求/现有成果,Domain evidence and individual acceptance requirement; this row is not an asset-ready claim.
ENV-049,明确域需求/现有成果,Domain evidence and individual acceptance requirement; this row is not an asset-ready claim.
ENV-050,明确域需求/现有成果,Domain evidence and individual acceptance requirement; this row is not an asset-ready claim.
ENV-051,明确域需求/现有成果,Domain evidence and individual acceptance requirement; this row is not an asset-ready claim.
ENV-052,明确域需求/现有成果,Domain evidence and individual acceptance requirement; this row is not an asset-ready claim.
ENV-053,明确域需求/现有成果,Domain evidence and individual acceptance requirement; this row is not an asset-ready claim.
ENV-054,明确域需求/现有成果,Domain evidence and individual acceptance requirement; this row is not an asset-ready claim.
ENV-055,明确域需求/现有成果,Domain evidence and individual acceptance requirement; this row is not an asset-ready claim.
ENV-056,明确域需求/现有成果,Domain evidence and individual acceptance requirement; this row is not an asset-ready claim.
ENV-057,明确域需求/现有成果,Domain evidence and individual acceptance requirement; this row is not an asset-ready claim.
ENV-058,明确域需求/现有成果,Domain evidence and individual acceptance requirement; this row is not an asset-ready claim.
ENV-059,明确域需求/现有成果,Domain evidence and individual acceptance requirement; this row is not an asset-ready claim.
ENV-060,明确域需求/现有成果,Domain evidence and individual acceptance requirement; this row is not an asset-ready claim.
ENV-061,明确域需求/现有成果,Domain evidence and individual acceptance requirement; this row is not an asset-ready claim.
ENV-062,明确域需求/现有成果,Domain evidence and individual acceptance requirement; this row is not an asset-ready claim.
ENV-063,明确域需求/现有成果,Domain evidence and individual acceptance requirement; this row is not an asset-ready claim.
ENV-064,明确域需求/现有成果,Domain evidence and individual acceptance requirement; this row is not an asset-ready claim.
ENV-065,明确域需求/现有成果,Domain evidence and individual acceptance requirement; this row is not an asset-ready claim.
ENV-066,明确域需求/现有成果,Domain evidence and individual acceptance requirement; this row is not an asset-ready claim.
ENV-067,明确域需求/现有成果,Domain evidence and individual acceptance requirement; this row is not an asset-ready claim.
ENV-068,明确域需求/现有成果,Domain evidence and individual acceptance requirement; this row is not an asset-ready claim.
ENV-069,明确域需求/现有成果,Domain evidence and individual acceptance requirement; this row is not an asset-ready claim.
ENV-070,明确域需求/现有成果,Domain evidence and individual acceptance requirement; this row is not an asset-ready claim.
ENV-071,明确域需求/现有成果,Domain evidence and individual acceptance requirement; this row is not an asset-ready claim.
ENV-072,明确域需求/现有成果,Domain evidence and individual acceptance requirement; this row is not an asset-ready claim.
ENV-073,明确域需求/现有成果,Domain evidence and individual acceptance requirement; this row is not an asset-ready claim.
ENV-074,明确域需求/现有成果,Domain evidence and individual acceptance requirement; this row is not an asset-ready claim.
ENV-075,明确域需求/现有成果,Domain evidence and individual acceptance requirement; this row is not an asset-ready claim.
ENV-076,明确域需求/现有成果,Domain evidence and individual acceptance requirement; this row is not an asset-ready claim.
ENV-077,明确域需求/现有成果,Domain evidence and individual acceptance requirement; this row is not an asset-ready claim.
ENV-078,明确域需求/现有成果,Domain evidence and individual acceptance requirement; this row is not an asset-ready claim.
ENV-079,明确域需求/现有成果,Domain evidence and individual acceptance requirement; this row is not an asset-ready claim.
ENV-080,明确域需求/现有成果,Domain evidence and individual acceptance requirement; this row is not an asset-ready claim.
ENV-081,明确域需求/现有成果,Domain evidence and individual acceptance requirement; this row is not an asset-ready claim.
ENV-082,明确域需求/现有成果,Domain evidence and individual acceptance requirement; this row is not an asset-ready claim.
ENV-083,明确域需求/现有成果,Domain evidence and individual acceptance requirement; this row is not an asset-ready claim.
ENV-084,明确域需求/现有成果,Domain evidence and individual acceptance requirement; this row is not an asset-ready claim.
ENV-085,明确域需求/现有成果,Domain evidence and individual acceptance requirement; this row is not an asset-ready claim.
ENV-086,明确域需求/现有成果,Domain evidence and individual acceptance requirement; this row is not an asset-ready claim.
ENV-087,明确域需求/现有成果,Domain evidence and individual acceptance requirement; this row is not an asset-ready claim.
ENV-088,明确域需求/现有成果,Domain evidence and individual acceptance requirement; this row is not an asset-ready claim.
ENV-089,明确域需求/现有成果,Domain evidence and individual acceptance requirement; this row is not an asset-ready claim.
ENV-090,明确域需求/现有成果,Domain evidence and individual acceptance requirement; this row is not an asset-ready claim.
ENV-091,明确域需求/现有成果,Domain evidence and individual acceptance requirement; this row is not an asset-ready claim.
ENV-092,明确域需求/现有成果,Domain evidence and individual acceptance requirement; this row is not an asset-ready claim.
ENV-093,明确域需求/现有成果,Domain evidence and individual acceptance requirement; this row is not an asset-ready claim.
ENV-094,明确域需求/现有成果,Domain evidence and individual acceptance requirement; this row is not an asset-ready claim.
ENV-095,明确域需求/现有成果,Domain evidence and individual acceptance requirement; this row is not an asset-ready claim.
ENV-096,明确域需求/现有成果,Domain evidence and individual acceptance requirement; this row is not an asset-ready claim.
ENV-097,明确域需求/现有成果,Domain evidence and individual acceptance requirement; this row is not an asset-ready claim.
ENV-098,明确域需求/现有成果,Domain evidence and individual acceptance requirement; this row is not an asset-ready claim.
ENV-099,明确域需求/现有成果,Domain evidence and individual acceptance requirement; this row is not an asset-ready claim.
ENV-100,明确域需求/现有成果,Domain evidence and individual acceptance requirement; this row is not an asset-ready claim.
ENV-101,明确域需求/现有成果,Domain evidence and individual acceptance requirement; this row is not an asset-ready claim.
ENV-102,明确域需求/现有成果,Domain evidence and individual acceptance requirement; this row is not an asset-ready claim.
ENV-103,明确域需求/现有成果,Domain evidence and individual acceptance requirement; this row is not an asset-ready claim.
ENV-104,明确域需求/现有成果,Domain evidence and individual acceptance requirement; this row is not an asset-ready claim.
ENV-105,明确域需求/现有成果,Domain evidence and individual acceptance requirement; this row is not an asset-ready claim.
ENV-106,明确域需求/现有成果,Domain evidence and individual acceptance requirement; this row is not an asset-ready claim.
ENV-107,明确域需求/现有成果,Domain evidence and individual acceptance requirement; this row is not an asset-ready claim.
ENV-108,明确域需求/现有成果,Domain evidence and individual acceptance requirement; this row is not an asset-ready claim.
ENV-109,明确域需求/现有成果,Domain evidence and individual acceptance requirement; this row is not an asset-ready claim.
ENV-110,明确域需求/现有成果,Domain evidence and individual acceptance requirement; this row is not an asset-ready claim.
ENV-111,明确域需求/现有成果,Domain evidence and individual acceptance requirement; this row is not an asset-ready claim.
ENV-112,明确域需求/现有成果,Domain evidence and individual acceptance requirement; this row is not an asset-ready claim.
ENV-113,明确域需求/现有成果,Domain evidence and individual acceptance requirement; this row is not an asset-ready claim.
ENV-114,明确域需求/现有成果,Domain evidence and individual acceptance requirement; this row is not an asset-ready claim.
ENV-115,明确域需求/现有成果,Domain evidence and individual acceptance requirement; this row is not an asset-ready claim.
ENV-116,明确域需求/现有成果,Domain evidence and individual acceptance requirement; this row is not an asset-ready claim.
ENV-117,明确域需求/现有成果,Domain evidence and individual acceptance requirement; this row is not an asset-ready claim.
ENV-118,明确域需求/现有成果,Domain evidence and individual acceptance requirement; this row is not an asset-ready claim.
ENV-119,明确域需求/现有成果,Domain evidence and individual acceptance requirement; this row is not an asset-ready claim.
ENV-120,明确域需求/现有成果,Domain evidence and individual acceptance requirement; this row is not an asset-ready claim.
ENV-121,明确域需求/现有成果,Domain evidence and individual acceptance requirement; this row is not an asset-ready claim.
ENV-122,明确域需求/现有成果,Domain evidence and individual acceptance requirement; this row is not an asset-ready claim.
ENV-123,明确域需求/现有成果,Domain evidence and individual acceptance requirement; this row is not an asset-ready claim.
ENV-124,明确域需求/现有成果,Domain evidence and individual acceptance requirement; this row is not an asset-ready claim.
ENV-125,明确域需求/现有成果,Domain evidence and individual acceptance requirement; this row is not an asset-ready claim.
ENV-126,明确域需求/现有成果,Domain evidence and individual acceptance requirement; this row is not an asset-ready claim.
ENV-127,明确域需求/现有成果,Domain evidence and individual acceptance requirement; this row is not an asset-ready claim.
ENV-128,明确域需求/现有成果,Domain evidence and individual acceptance requirement; this row is not an asset-ready claim.
ENV-129,明确域需求/现有成果,Domain evidence and individual acceptance requirement; this row is not an asset-ready claim.
ENV-130,明确域需求/现有成果,Domain evidence and individual acceptance requirement; this row is not an asset-ready claim.
ENV-131,明确域需求/现有成果,Domain evidence and individual acceptance requirement; this row is not an asset-ready claim.
ENV-132,明确域需求/现有成果,Domain evidence and individual acceptance requirement; this row is not an asset-ready claim.
ENV-133,明确域需求/现有成果,Domain evidence and individual acceptance requirement; this row is not an asset-ready claim.
LIFE-001,明确域需求/现有成果,Domain evidence and individual acceptance requirement; this row is not an asset-ready claim.
LIFE-002,明确域需求/现有成果,Domain evidence and individual acceptance requirement; this row is not an asset-ready claim.
LIFE-003,明确域需求/现有成果,Domain evidence and individual acceptance requirement; this row is not an asset-ready claim.
LIFE-004,明确域需求/现有成果,Domain evidence and individual acceptance requirement; this row is not an asset-ready claim.
LIFE-005,明确域需求/现有成果,Domain evidence and individual acceptance requirement; this row is not an asset-ready claim.
LIFE-006,明确域需求/现有成果,Domain evidence and individual acceptance requirement; this row is not an asset-ready claim.
LIFE-007,明确域需求/现有成果,Domain evidence and individual acceptance requirement; this row is not an asset-ready claim.
LIFE-008,明确域需求/现有成果,Domain evidence and individual acceptance requirement; this row is not an asset-ready claim.
LIFE-009,明确域需求/现有成果,Domain evidence and individual acceptance requirement; this row is not an asset-ready claim.
LIFE-010,明确域需求/现有成果,Domain evidence and individual acceptance requirement; this row is not an asset-ready claim.
LIFE-011,明确域需求/现有成果,Domain evidence and individual acceptance requirement; this row is not an asset-ready claim.
LIFE-012,明确域需求/现有成果,Domain evidence and individual acceptance requirement; this row is not an asset-ready claim.
LIFE-013,明确域需求/现有成果,Domain evidence and individual acceptance requirement; this row is not an asset-ready claim.
LIFE-014,明确域需求/现有成果,Domain evidence and individual acceptance requirement; this row is not an asset-ready claim.
LIFE-015,明确域需求/现有成果,Domain evidence and individual acceptance requirement; this row is not an asset-ready claim.
LIFE-016,明确域需求/现有成果,Domain evidence and individual acceptance requirement; this row is not an asset-ready claim.
LIFE-017,明确域需求/现有成果,Domain evidence and individual acceptance requirement; this row is not an asset-ready claim.
LIFE-018,明确域需求/现有成果,Domain evidence and individual acceptance requirement; this row is not an asset-ready claim.
LIFE-019,明确域需求/现有成果,Domain evidence and individual acceptance requirement; this row is not an asset-ready claim.
LIFE-020,明确域需求/现有成果,Domain evidence and individual acceptance requirement; this row is not an asset-ready claim.
LIFE-021,明确域需求/现有成果,Domain evidence and individual acceptance requirement; this row is not an asset-ready claim.
LIFE-022,明确域需求/现有成果,Domain evidence and individual acceptance requirement; this row is not an asset-ready claim.
LIFE-023,明确域需求/现有成果,Domain evidence and individual acceptance requirement; this row is not an asset-ready claim.
LIFE-024,明确域需求/现有成果,Domain evidence and individual acceptance requirement; this row is not an asset-ready claim.
LIFE-025,明确域需求/现有成果,Domain evidence and individual acceptance requirement; this row is not an asset-ready claim.
LIFE-026,明确域需求/现有成果,Domain evidence and individual acceptance requirement; this row is not an asset-ready claim.
LIFE-027,明确域需求/现有成果,Domain evidence and individual acceptance requirement; this row is not an asset-ready claim.
LIFE-028,明确域需求/现有成果,Domain evidence and individual acceptance requirement; this row is not an asset-ready claim.
LIFE-029,明确域需求/现有成果,Domain evidence and individual acceptance requirement; this row is not an asset-ready claim.
LIFE-030,明确域需求/现有成果,Domain evidence and individual acceptance requirement; this row is not an asset-ready claim.
LIFE-031,明确域需求/现有成果,Domain evidence and individual acceptance requirement; this row is not an asset-ready claim.
LIFE-032,明确域需求/现有成果,Domain evidence and individual acceptance requirement; this row is not an asset-ready claim.
LIFE-033,明确域需求/现有成果,Domain evidence and individual acceptance requirement; this row is not an asset-ready claim.
LIFE-034,明确域需求/现有成果,Domain evidence and individual acceptance requirement; this row is not an asset-ready claim.
LIFE-035,明确域需求/现有成果,Domain evidence and individual acceptance requirement; this row is not an asset-ready claim.
LIFE-036,明确域需求/现有成果,Domain evidence and individual acceptance requirement; this row is not an asset-ready claim.
LIFE-037,明确域需求/现有成果,Domain evidence and individual acceptance requirement; this row is not an asset-ready claim.
LIFE-038,明确域需求/现有成果,Domain evidence and individual acceptance requirement; this row is not an asset-ready claim.
LIFE-039,明确域需求/现有成果,Domain evidence and individual acceptance requirement; this row is not an asset-ready claim.
LIFE-040,明确域需求/现有成果,Domain evidence and individual acceptance requirement; this row is not an asset-ready claim.
LIFE-041,明确域需求/现有成果,Domain evidence and individual acceptance requirement; this row is not an asset-ready claim.
LIFE-042,明确域需求/现有成果,Domain evidence and individual acceptance requirement; this row is not an asset-ready claim.
LIFE-043,明确域需求/现有成果,Domain evidence and individual acceptance requirement; this row is not an asset-ready claim.
LIFE-044,明确域需求/现有成果,Domain evidence and individual acceptance requirement; this row is not an asset-ready claim.
LIFE-045,明确域需求/现有成果,Domain evidence and individual acceptance requirement; this row is not an asset-ready claim.
LIFE-046,明确域需求/现有成果,Domain evidence and individual acceptance requirement; this row is not an asset-ready claim.
LIFE-047,明确域需求/现有成果,Domain evidence and individual acceptance requirement; this row is not an asset-ready claim.
LIFE-048,明确域需求/现有成果,Domain evidence and individual acceptance requirement; this row is not an asset-ready claim.
LIFE-049,明确域需求/现有成果,Domain evidence and individual acceptance requirement; this row is not an asset-ready claim.
LIFE-050,明确域需求/现有成果,Domain evidence and individual acceptance requirement; this row is not an asset-ready claim.
LIFE-051,明确域需求/现有成果,Domain evidence and individual acceptance requirement; this row is not an asset-ready claim.
LIFE-052,明确域需求/现有成果,Domain evidence and individual acceptance requirement; this row is not an asset-ready claim.
LIFE-053,明确域需求/现有成果,Domain evidence and individual acceptance requirement; this row is not an asset-ready claim.
LIFE-054,明确域需求/现有成果,Domain evidence and individual acceptance requirement; this row is not an asset-ready claim.
LIFE-055,明确域需求/现有成果,Domain evidence and individual acceptance requirement; this row is not an asset-ready claim.
LIFE-056,明确域需求/现有成果,Domain evidence and individual acceptance requirement; this row is not an asset-ready claim.
LIFE-057,明确域需求/现有成果,Domain evidence and individual acceptance requirement; this row is not an asset-ready claim.
LIFE-058,明确域需求/现有成果,Domain evidence and individual acceptance requirement; this row is not an asset-ready claim.
LIFE-059,明确域需求/现有成果,Domain evidence and individual acceptance requirement; this row is not an asset-ready claim.
LIFE-060,明确域需求/现有成果,Domain evidence and individual acceptance requirement; this row is not an asset-ready claim.
LIFE-061,明确域需求/现有成果,Domain evidence and individual acceptance requirement; this row is not an asset-ready claim.
LIFE-062,明确域需求/现有成果,Domain evidence and individual acceptance requirement; this row is not an asset-ready claim.
LIFE-063,明确域需求/现有成果,Domain evidence and individual acceptance requirement; this row is not an asset-ready claim.
LIFE-064,明确域需求/现有成果,Domain evidence and individual acceptance requirement; this row is not an asset-ready claim.
LIFE-065,明确域需求/现有成果,Domain evidence and individual acceptance requirement; this row is not an asset-ready claim.
LIFE-066,明确域需求/现有成果,Domain evidence and individual acceptance requirement; this row is not an asset-ready claim.
LIFE-067,明确域需求/现有成果,Domain evidence and individual acceptance requirement; this row is not an asset-ready claim.
LIFE-068,明确域需求/现有成果,Domain evidence and individual acceptance requirement; this row is not an asset-ready claim.
LIFE-069,明确域需求/现有成果,Domain evidence and individual acceptance requirement; this row is not an asset-ready claim.
LIFE-070,明确域需求/现有成果,Domain evidence and individual acceptance requirement; this row is not an asset-ready claim.
LIFE-071,明确域需求/现有成果,Domain evidence and individual acceptance requirement; this row is not an asset-ready claim.
LIFE-072,明确域需求/现有成果,Domain evidence and individual acceptance requirement; this row is not an asset-ready claim.
LIFE-073,明确域需求/现有成果,Domain evidence and individual acceptance requirement; this row is not an asset-ready claim.
LIFE-074,明确域需求/现有成果,Domain evidence and individual acceptance requirement; this row is not an asset-ready claim.
LIFE-075,明确域需求/现有成果,Domain evidence and individual acceptance requirement; this row is not an asset-ready claim.
LIFE-076,明确域需求/现有成果,Domain evidence and individual acceptance requirement; this row is not an asset-ready claim.
LIFE-077,明确域需求/现有成果,Domain evidence and individual acceptance requirement; this row is not an asset-ready claim.
LIFE-078,明确域需求/现有成果,Domain evidence and individual acceptance requirement; this row is not an asset-ready claim.
LIFE-079,明确域需求/现有成果,Domain evidence and individual acceptance requirement; this row is not an asset-ready claim.
LIFE-080,明确域需求/现有成果,Domain evidence and individual acceptance requirement; this row is not an asset-ready claim.
LIFE-081,明确域需求/现有成果,Domain evidence and individual acceptance requirement; this row is not an asset-ready claim.
LIFE-082,明确域需求/现有成果,Domain evidence and individual acceptance requirement; this row is not an asset-ready claim.
LIFE-083,明确域需求/现有成果,Domain evidence and individual acceptance requirement; this row is not an asset-ready claim.
LIFE-084,明确域需求/现有成果,Domain evidence and individual acceptance requirement; this row is not an asset-ready claim.
LIFE-085,明确域需求/现有成果,Domain evidence and individual acceptance requirement; this row is not an asset-ready claim.
LIFE-086,明确域需求/现有成果,Domain evidence and individual acceptance requirement; this row is not an asset-ready claim.
LIFE-087,明确域需求/现有成果,Domain evidence and individual acceptance requirement; this row is not an asset-ready claim.
LIFE-088,明确域需求/现有成果,Domain evidence and individual acceptance requirement; this row is not an asset-ready claim.
LIFE-089,明确域需求/现有成果,Domain evidence and individual acceptance requirement; this row is not an asset-ready claim.
LIFE-090,明确域需求/现有成果,Domain evidence and individual acceptance requirement; this row is not an asset-ready claim.
LIFE-091,明确域需求/现有成果,Domain evidence and individual acceptance requirement; this row is not an asset-ready claim.
LIFE-092,明确域需求/现有成果,Domain evidence and individual acceptance requirement; this row is not an asset-ready claim.
LIFE-093,明确域需求/现有成果,Domain evidence and individual acceptance requirement; this row is not an asset-ready claim.
LIFE-094,明确域需求/现有成果,Domain evidence and individual acceptance requirement; this row is not an asset-ready claim.
LIFE-095,明确域需求/现有成果,Domain evidence and individual acceptance requirement; this row is not an asset-ready claim.
LIFE-096,明确域需求/现有成果,Domain evidence and individual acceptance requirement; this row is not an asset-ready claim.
LIFE-097,明确域需求/现有成果,Domain evidence and individual acceptance requirement; this row is not an asset-ready claim.
LIFE-098,明确域需求/现有成果,Domain evidence and individual acceptance requirement; this row is not an asset-ready claim.
LIFE-099,明确域需求/现有成果,Domain evidence and individual acceptance requirement; this row is not an asset-ready claim.
LIFE-100,明确域需求/现有成果,Domain evidence and individual acceptance requirement; this row is not an asset-ready claim.
LIFE-101,明确域需求/现有成果,Domain evidence and individual acceptance requirement; this row is not an asset-ready claim.
LIFE-102,明确域需求/现有成果,Domain evidence and individual acceptance requirement; this row is not an asset-ready claim.
LIFE-103,明确域需求/现有成果,Domain evidence and individual acceptance requirement; this row is not an asset-ready claim.
LIFE-104,明确域需求/现有成果,Domain evidence and individual acceptance requirement; this row is not an asset-ready claim.
LIFE-105,明确域需求/现有成果,Domain evidence and individual acceptance requirement; this row is not an asset-ready claim.
LIFE-106,明确域需求/现有成果,Domain evidence and individual acceptance requirement; this row is not an asset-ready claim.
LIFE-107,明确域需求/现有成果,Domain evidence and individual acceptance requirement; this row is not an asset-ready claim.
LIFE-108,明确域需求/现有成果,Domain evidence and individual acceptance requirement; this row is not an asset-ready claim.
LIFE-109,明确域需求/现有成果,Domain evidence and individual acceptance requirement; this row is not an asset-ready claim.
LIFE-110,明确域需求/现有成果,Domain evidence and individual acceptance requirement; this row is not an asset-ready claim.
LIFE-111,明确域需求/现有成果,Domain evidence and individual acceptance requirement; this row is not an asset-ready claim.
LIFE-112,明确域需求/现有成果,Domain evidence and individual acceptance requirement; this row is not an asset-ready claim.
LIFE-113,明确域需求/现有成果,Domain evidence and individual acceptance requirement; this row is not an asset-ready claim.
LIFE-114,明确域需求/现有成果,Domain evidence and individual acceptance requirement; this row is not an asset-ready claim.
LIFE-115,明确域需求/现有成果,Domain evidence and individual acceptance requirement; this row is not an asset-ready claim.
LIFE-116,明确域需求/现有成果,Domain evidence and individual acceptance requirement; this row is not an asset-ready claim.
LIFE-117,明确域需求/现有成果,Domain evidence and individual acceptance requirement; this row is not an asset-ready claim.
LIFE-118,明确域需求/现有成果,Domain evidence and individual acceptance requirement; this row is not an asset-ready claim.
LIFE-119,明确域需求/现有成果,Domain evidence and individual acceptance requirement; this row is not an asset-ready claim.
LIFE-120,明确域需求/现有成果,Domain evidence and individual acceptance requirement; this row is not an asset-ready claim.
LIFE-121,明确域需求/现有成果,Domain evidence and individual acceptance requirement; this row is not an asset-ready claim.
LIFE-122,明确域需求/现有成果,Domain evidence and individual acceptance requirement; this row is not an asset-ready claim.
LIFE-123,明确域需求/现有成果,Domain evidence and individual acceptance requirement; this row is not an asset-ready claim.
LIFE-124,明确域需求/现有成果,Domain evidence and individual acceptance requirement; this row is not an asset-ready claim.
LIFE-125,明确域需求/现有成果,Domain evidence and individual acceptance requirement; this row is not an asset-ready claim.
LIFE-126,明确域需求/现有成果,Domain evidence and individual acceptance requirement; this row is not an asset-ready claim.
LIFE-127,明确域需求/现有成果,Domain evidence and individual acceptance requirement; this row is not an asset-ready claim.
LIFE-128,明确域需求/现有成果,Domain evidence and individual acceptance requirement; this row is not an asset-ready claim.
LIFE-129,明确域需求/现有成果,Domain evidence and individual acceptance requirement; this row is not an asset-ready claim.
LIFE-130,明确域需求/现有成果,Domain evidence and individual acceptance requirement; this row is not an asset-ready claim.
LIFE-131,明确域需求/现有成果,Domain evidence and individual acceptance requirement; this row is not an asset-ready claim.
LIFE-132,明确域需求/现有成果,Domain evidence and individual acceptance requirement; this row is not an asset-ready claim.
LIFE-133,明确域需求/现有成果,Domain evidence and individual acceptance requirement; this row is not an asset-ready claim.
LIFE-134,明确域需求/现有成果,Domain evidence and individual acceptance requirement; this row is not an asset-ready claim.
LIFE-135,明确域需求/现有成果,Domain evidence and individual acceptance requirement; this row is not an asset-ready claim.
LIFE-136,明确域需求/现有成果,Domain evidence and individual acceptance requirement; this row is not an asset-ready claim.
LIFE-137,明确域需求/现有成果,Domain evidence and individual acceptance requirement; this row is not an asset-ready claim.
LIFE-138,明确域需求/现有成果,Domain evidence and individual acceptance requirement; this row is not an asset-ready claim.
LIFE-139,明确域需求/现有成果,Domain evidence and individual acceptance requirement; this row is not an asset-ready claim.
LIFE-140,明确域需求/现有成果,Domain evidence and individual acceptance requirement; this row is not an asset-ready claim.
LIFE-141,明确域需求/现有成果,Domain evidence and individual acceptance requirement; this row is not an asset-ready claim.
LIFE-142,明确域需求/现有成果,Domain evidence and individual acceptance requirement; this row is not an asset-ready claim.
LIFE-143,明确域需求/现有成果,Domain evidence and individual acceptance requirement; this row is not an asset-ready claim.
LIFE-144,明确域需求/现有成果,Domain evidence and individual acceptance requirement; this row is not an asset-ready claim.
LIFE-145,明确域需求/现有成果,Domain evidence and individual acceptance requirement; this row is not an asset-ready claim.
LIFE-146,明确域需求/现有成果,Domain evidence and individual acceptance requirement; this row is not an asset-ready claim.
LIFE-147,明确域需求/现有成果,Domain evidence and individual acceptance requirement; this row is not an asset-ready claim.
LIFE-148,明确域需求/现有成果,Domain evidence and individual acceptance requirement; this row is not an asset-ready claim.
LIFE-149,明确域需求/现有成果,Domain evidence and individual acceptance requirement; this row is not an asset-ready claim.
LIFE-150,明确域需求/现有成果,Domain evidence and individual acceptance requirement; this row is not an asset-ready claim.
LIFE-151,明确域需求/现有成果,Domain evidence and individual acceptance requirement; this row is not an asset-ready claim.
LIFE-152,明确域需求/现有成果,Domain evidence and individual acceptance requirement; this row is not an asset-ready claim.
LIFE-153,明确域需求/现有成果,Domain evidence and individual acceptance requirement; this row is not an asset-ready claim.
LIFE-154,明确域需求/现有成果,Domain evidence and individual acceptance requirement; this row is not an asset-ready claim.
LIFE-155,明确域需求/现有成果,Domain evidence and individual acceptance requirement; this row is not an asset-ready claim.
LIFE-156,明确域需求/现有成果,Domain evidence and individual acceptance requirement; this row is not an asset-ready claim.
LIFE-157,明确域需求/现有成果,Domain evidence and individual acceptance requirement; this row is not an asset-ready claim.
LIFE-158,明确域需求/现有成果,Domain evidence and individual acceptance requirement; this row is not an asset-ready claim.
LIFE-159,明确域需求/现有成果,Domain evidence and individual acceptance requirement; this row is not an asset-ready claim.
LIFE-160,明确域需求/现有成果,Domain evidence and individual acceptance requirement; this row is not an asset-ready claim.
LIFE-161,明确域需求/现有成果,Domain evidence and individual acceptance requirement; this row is not an asset-ready claim.
LIFE-162,明确域需求/现有成果,Domain evidence and individual acceptance requirement; this row is not an asset-ready claim.
LIFE-163,明确域需求/现有成果,Domain evidence and individual acceptance requirement; this row is not an asset-ready claim.
LIFE-164,明确域需求/现有成果,Domain evidence and individual acceptance requirement; this row is not an asset-ready claim.
LIFE-165,明确域需求/现有成果,Domain evidence and individual acceptance requirement; this row is not an asset-ready claim.
LIFE-166,明确域需求/现有成果,Domain evidence and individual acceptance requirement; this row is not an asset-ready claim.
LIFE-167,明确域需求/现有成果,Domain evidence and individual acceptance requirement; this row is not an asset-ready claim.
LIFE-168,明确域需求/现有成果,Domain evidence and individual acceptance requirement; this row is not an asset-ready claim.
LIFE-169,明确域需求/现有成果,Domain evidence and individual acceptance requirement; this row is not an asset-ready claim.
LIFE-170,明确域需求/现有成果,Domain evidence and individual acceptance requirement; this row is not an asset-ready claim.
LIFE-171,明确域需求/现有成果,Domain evidence and individual acceptance requirement; this row is not an asset-ready claim.
LIFE-172,明确域需求/现有成果,Domain evidence and individual acceptance requirement; this row is not an asset-ready claim.
LIFE-173,明确域需求/现有成果,Domain evidence and individual acceptance requirement; this row is not an asset-ready claim.
LIFE-174,明确域需求/现有成果,Domain evidence and individual acceptance requirement; this row is not an asset-ready claim.
LIFE-175,明确域需求/现有成果,Domain evidence and individual acceptance requirement; this row is not an asset-ready claim.
LIFE-176,明确域需求/现有成果,Domain evidence and individual acceptance requirement; this row is not an asset-ready claim.
LIFE-177,明确域需求/现有成果,Domain evidence and individual acceptance requirement; this row is not an asset-ready claim.
LIFE-178,明确域需求/现有成果,Domain evidence and individual acceptance requirement; this row is not an asset-ready claim.
LIFE-179,明确域需求/现有成果,Domain evidence and individual acceptance requirement; this row is not an asset-ready claim.
LIFE-180,明确域需求/现有成果,Domain evidence and individual acceptance requirement; this row is not an asset-ready claim.
LIFE-181,明确域需求/现有成果,Domain evidence and individual acceptance requirement; this row is not an asset-ready claim.
LIFE-182,明确域需求/现有成果,Domain evidence and individual acceptance requirement; this row is not an asset-ready claim.
LIFE-183,明确域需求/现有成果,Domain evidence and individual acceptance requirement; this row is not an asset-ready claim.
LIFE-184,明确域需求/现有成果,Domain evidence and individual acceptance requirement; this row is not an asset-ready claim.
LIFE-185,明确域需求/现有成果,Domain evidence and individual acceptance requirement; this row is not an asset-ready claim.
LIFE-186,明确域需求/现有成果,Domain evidence and individual acceptance requirement; this row is not an asset-ready claim.
LIFE-187,明确域需求/现有成果,Domain evidence and individual acceptance requirement; this row is not an asset-ready claim.
LIFE-188,明确域需求/现有成果,Domain evidence and individual acceptance requirement; this row is not an asset-ready claim.
LIFE-189,明确域需求/现有成果,Domain evidence and individual acceptance requirement; this row is not an asset-ready claim.
LIFE-190,明确域需求/现有成果,Domain evidence and individual acceptance requirement; this row is not an asset-ready claim.
LIFE-191,明确域需求/现有成果,Domain evidence and individual acceptance requirement; this row is not an asset-ready claim.
LIFE-192,明确域需求/现有成果,Domain evidence and individual acceptance requirement; this row is not an asset-ready claim.
LIFE-193,明确域需求/现有成果,Domain evidence and individual acceptance requirement; this row is not an asset-ready claim.
LIFE-194,物种方案确定后条件生产,Depends on selected species/household scheme; missing state does not make every candidate mandatory.
LIFE-195,物种方案确定后条件生产,Depends on selected species/household scheme; missing state does not make every candidate mandatory.
LIFE-196,明确域需求/现有成果,Domain evidence and individual acceptance requirement; this row is not an asset-ready claim.
LIFE-197,明确域需求/现有成果,Domain evidence and individual acceptance requirement; this row is not an asset-ready claim.
LIFE-198,明确域需求/现有成果,Domain evidence and individual acceptance requirement; this row is not an asset-ready claim.
LIFE-199,明确域需求/现有成果,Domain evidence and individual acceptance requirement; this row is not an asset-ready claim.
LIFE-200,明确域需求/现有成果,Domain evidence and individual acceptance requirement; this row is not an asset-ready claim.
LIFE-201,明确域需求/现有成果,Domain evidence and individual acceptance requirement; this row is not an asset-ready claim.
LIFE-202,明确域需求/现有成果,Domain evidence and individual acceptance requirement; this row is not an asset-ready claim.
LIFE-203,明确域需求/现有成果,Domain evidence and individual acceptance requirement; this row is not an asset-ready claim.
LIFE-204,明确域需求/现有成果,Domain evidence and individual acceptance requirement; this row is not an asset-ready claim.
LIFE-205,明确域需求/现有成果,Domain evidence and individual acceptance requirement; this row is not an asset-ready claim.
LIFE-206,明确域需求/现有成果,Domain evidence and individual acceptance requirement; this row is not an asset-ready claim.
LIFE-207,明确域需求/现有成果,Domain evidence and individual acceptance requirement; this row is not an asset-ready claim.
LIFE-208,明确域需求/现有成果,Domain evidence and individual acceptance requirement; this row is not an asset-ready claim.
LIFE-209,明确域需求/现有成果,Domain evidence and individual acceptance requirement; this row is not an asset-ready claim.
LIFE-210,明确域需求/现有成果,Domain evidence and individual acceptance requirement; this row is not an asset-ready claim.
LIFE-211,明确域需求/现有成果,Domain evidence and individual acceptance requirement; this row is not an asset-ready claim.
LIFE-212,明确域需求/现有成果,Domain evidence and individual acceptance requirement; this row is not an asset-ready claim.
LIFE-213,明确域需求/现有成果,Domain evidence and individual acceptance requirement; this row is not an asset-ready claim.
LIFE-214,物种方案确定后条件生产,Depends on selected species/household scheme; missing state does not make every candidate mandatory.
LIFE-215,明确域需求/现有成果,Domain evidence and individual acceptance requirement; this row is not an asset-ready claim.
LIFE-216,明确域需求/现有成果,Domain evidence and individual acceptance requirement; this row is not an asset-ready claim.
LIFE-217,明确域需求/现有成果,Domain evidence and individual acceptance requirement; this row is not an asset-ready claim.
LIFE-218,明确域需求/现有成果,Domain evidence and individual acceptance requirement; this row is not an asset-ready claim.
LIFE-219,明确域需求/现有成果,Domain evidence and individual acceptance requirement; this row is not an asset-ready claim.
LIFE-220,明确域需求/现有成果,Domain evidence and individual acceptance requirement; this row is not an asset-ready claim.
LIFE-221,明确域需求/现有成果,Domain evidence and individual acceptance requirement; this row is not an asset-ready claim.
LIFE-222,明确域需求/现有成果,Domain evidence and individual acceptance requirement; this row is not an asset-ready claim.
LIFE-223,明确域需求/现有成果,Domain evidence and individual acceptance requirement; this row is not an asset-ready claim.
LIFE-224,明确域需求/现有成果,Domain evidence and individual acceptance requirement; this row is not an asset-ready claim.
LIFE-225,明确域需求/现有成果,Domain evidence and individual acceptance requirement; this row is not an asset-ready claim.
LIFE-226,明确域需求/现有成果,Domain evidence and individual acceptance requirement; this row is not an asset-ready claim.
LIFE-227,明确域需求/现有成果,Domain evidence and individual acceptance requirement; this row is not an asset-ready claim.
LIFE-228,明确域需求/现有成果,Domain evidence and individual acceptance requirement; this row is not an asset-ready claim.
CHAR-001,明确域需求/现有成果,Domain evidence and individual acceptance requirement; this row is not an asset-ready claim.
CHAR-002,明确域需求/现有成果,Domain evidence and individual acceptance requirement; this row is not an asset-ready claim.
CHAR-003,明确域需求/现有成果,Domain evidence and individual acceptance requirement; this row is not an asset-ready claim.
CHAR-004,明确域需求/现有成果,Domain evidence and individual acceptance requirement; this row is not an asset-ready claim.
CHAR-005,明确域需求/现有成果,Domain evidence and individual acceptance requirement; this row is not an asset-ready claim.
CHAR-006,明确域需求/现有成果,Domain evidence and individual acceptance requirement; this row is not an asset-ready claim.
CHAR-007,明确域需求/现有成果,Domain evidence and individual acceptance requirement; this row is not an asset-ready claim.
CHAR-008,明确域需求/现有成果,Domain evidence and individual acceptance requirement; this row is not an asset-ready claim.
CHAR-009,明确域需求/现有成果,Domain evidence and individual acceptance requirement; this row is not an asset-ready claim.
CHAR-010,明确域需求/现有成果,Domain evidence and individual acceptance requirement; this row is not an asset-ready claim.
CHAR-011,明确域需求/现有成果,Domain evidence and individual acceptance requirement; this row is not an asset-ready claim.
CHAR-012,明确域需求/现有成果,Domain evidence and individual acceptance requirement; this row is not an asset-ready claim.
CHAR-013,明确域需求/现有成果,Domain evidence and individual acceptance requirement; this row is not an asset-ready claim.
CHAR-014,明确域需求/现有成果,Domain evidence and individual acceptance requirement; this row is not an asset-ready claim.
CHAR-015,明确域需求/现有成果,Domain evidence and individual acceptance requirement; this row is not an asset-ready claim.
CHAR-016,明确域需求/现有成果,Domain evidence and individual acceptance requirement; this row is not an asset-ready claim.
CHAR-017,明确域需求/现有成果,Domain evidence and individual acceptance requirement; this row is not an asset-ready claim.
CHAR-018,明确域需求/现有成果,Domain evidence and individual acceptance requirement; this row is not an asset-ready claim.
CHAR-019,明确域需求/现有成果,Domain evidence and individual acceptance requirement; this row is not an asset-ready claim.
CHAR-020,明确域需求/现有成果,Domain evidence and individual acceptance requirement; this row is not an asset-ready claim.
CHAR-021,明确域需求/现有成果,Domain evidence and individual acceptance requirement; this row is not an asset-ready claim.
CHAR-022,明确域需求/现有成果,Domain evidence and individual acceptance requirement; this row is not an asset-ready claim.
CHAR-023,明确域需求/现有成果,Domain evidence and individual acceptance requirement; this row is not an asset-ready claim.
CHAR-024,明确域需求/现有成果,Domain evidence and individual acceptance requirement; this row is not an asset-ready claim.
CHAR-025,明确域需求/现有成果,Domain evidence and individual acceptance requirement; this row is not an asset-ready claim.
CHAR-026,明确域需求/现有成果,Domain evidence and individual acceptance requirement; this row is not an asset-ready claim.
CHAR-027,明确域需求/现有成果,Domain evidence and individual acceptance requirement; this row is not an asset-ready claim.
CHAR-028,明确域需求/现有成果,Domain evidence and individual acceptance requirement; this row is not an asset-ready claim.
CHAR-029,明确域需求/现有成果,Domain evidence and individual acceptance requirement; this row is not an asset-ready claim.
CHAR-030,明确域需求/现有成果,Domain evidence and individual acceptance requirement; this row is not an asset-ready claim.
CHAR-031,明确域需求/现有成果,Domain evidence and individual acceptance requirement; this row is not an asset-ready claim.
CHAR-032,明确域需求/现有成果,Domain evidence and individual acceptance requirement; this row is not an asset-ready claim.
CHAR-033,明确域需求/现有成果,Domain evidence and individual acceptance requirement; this row is not an asset-ready claim.
CHAR-034,明确域需求/现有成果,Domain evidence and individual acceptance requirement; this row is not an asset-ready claim.
CHAR-035,明确域需求/现有成果,Domain evidence and individual acceptance requirement; this row is not an asset-ready claim.
CHAR-036,明确域需求/现有成果,Domain evidence and individual acceptance requirement; this row is not an asset-ready claim.
CHAR-037,明确域需求/现有成果,Domain evidence and individual acceptance requirement; this row is not an asset-ready claim.
CHAR-038,明确域需求/现有成果,Domain evidence and individual acceptance requirement; this row is not an asset-ready claim.
CHAR-039,明确域需求/现有成果,Domain evidence and individual acceptance requirement; this row is not an asset-ready claim.
CHAR-040,明确域需求/现有成果,Domain evidence and individual acceptance requirement; this row is not an asset-ready claim.
CHAR-041,明确域需求/现有成果,Domain evidence and individual acceptance requirement; this row is not an asset-ready claim.
CHAR-042,明确域需求/现有成果,Domain evidence and individual acceptance requirement; this row is not an asset-ready claim.
CHAR-043,明确域需求/现有成果,Domain evidence and individual acceptance requirement; this row is not an asset-ready claim.
CHAR-044,明确域需求/现有成果,Domain evidence and individual acceptance requirement; this row is not an asset-ready claim.
CHAR-045,明确域需求/现有成果,Domain evidence and individual acceptance requirement; this row is not an asset-ready claim.
CHAR-046,明确域需求/现有成果,Domain evidence and individual acceptance requirement; this row is not an asset-ready claim.
CHAR-047,明确域需求/现有成果,Domain evidence and individual acceptance requirement; this row is not an asset-ready claim.
CHAR-048,明确域需求/现有成果,Domain evidence and individual acceptance requirement; this row is not an asset-ready claim.
CHAR-049,明确域需求/现有成果,Domain evidence and individual acceptance requirement; this row is not an asset-ready claim.
CHAR-050,明确域需求/现有成果,Domain evidence and individual acceptance requirement; this row is not an asset-ready claim.
CHAR-051,明确域需求/现有成果,Domain evidence and individual acceptance requirement; this row is not an asset-ready claim.
CHAR-052,明确域需求/现有成果,Domain evidence and individual acceptance requirement; this row is not an asset-ready claim.
CHAR-053,明确域需求/现有成果,Domain evidence and individual acceptance requirement; this row is not an asset-ready claim.
CHAR-054,明确域需求/现有成果,Domain evidence and individual acceptance requirement; this row is not an asset-ready claim.
CHAR-055,明确域需求/现有成果,Domain evidence and individual acceptance requirement; this row is not an asset-ready claim.
CHAR-056,明确域需求/现有成果,Domain evidence and individual acceptance requirement; this row is not an asset-ready claim.
CHAR-057,明确域需求/现有成果,Domain evidence and individual acceptance requirement; this row is not an asset-ready claim.
CHAR-058,明确域需求/现有成果,Domain evidence and individual acceptance requirement; this row is not an asset-ready claim.
CHAR-059,明确域需求/现有成果,Domain evidence and individual acceptance requirement; this row is not an asset-ready claim.
CHAR-060,明确域需求/现有成果,Domain evidence and individual acceptance requirement; this row is not an asset-ready claim.
CHAR-061,明确域需求/现有成果,Domain evidence and individual acceptance requirement; this row is not an asset-ready claim.
CHAR-062,明确域需求/现有成果,Domain evidence and individual acceptance requirement; this row is not an asset-ready claim.
CHAR-063,明确域需求/现有成果,Domain evidence and individual acceptance requirement; this row is not an asset-ready claim.
CHAR-064,明确域需求/现有成果,Domain evidence and individual acceptance requirement; this row is not an asset-ready claim.
CHAR-065,明确域需求/现有成果,Domain evidence and individual acceptance requirement; this row is not an asset-ready claim.
CHAR-066,明确域需求/现有成果,Domain evidence and individual acceptance requirement; this row is not an asset-ready claim.
CHAR-067,明确域需求/现有成果,Domain evidence and individual acceptance requirement; this row is not an asset-ready claim.
CHAR-068,明确域需求/现有成果,Domain evidence and individual acceptance requirement; this row is not an asset-ready claim.
CHAR-069,明确域需求/现有成果,Domain evidence and individual acceptance requirement; this row is not an asset-ready claim.
CHAR-070,明确域需求/现有成果,Domain evidence and individual acceptance requirement; this row is not an asset-ready claim.
CHAR-071,明确域需求/现有成果,Domain evidence and individual acceptance requirement; this row is not an asset-ready claim.
CHAR-072,明确域需求/现有成果,Domain evidence and individual acceptance requirement; this row is not an asset-ready claim.
CHAR-073,明确域需求/现有成果,Domain evidence and individual acceptance requirement; this row is not an asset-ready claim.
CHAR-074,明确域需求/现有成果,Domain evidence and individual acceptance requirement; this row is not an asset-ready claim.
CHAR-075,明确域需求/现有成果,Domain evidence and individual acceptance requirement; this row is not an asset-ready claim.
CHAR-076,明确域需求/现有成果,Domain evidence and individual acceptance requirement; this row is not an asset-ready claim.
CHAR-077,明确域需求/现有成果,Domain evidence and individual acceptance requirement; this row is not an asset-ready claim.
CHAR-078,明确域需求/现有成果,Domain evidence and individual acceptance requirement; this row is not an asset-ready claim.
CHAR-079,明确域需求/现有成果,Domain evidence and individual acceptance requirement; this row is not an asset-ready claim.
CHAR-080,明确域需求/现有成果,Domain evidence and individual acceptance requirement; this row is not an asset-ready claim.
CHAR-081,明确域需求/现有成果,Domain evidence and individual acceptance requirement; this row is not an asset-ready claim.
CHAR-082,明确域需求/现有成果,Domain evidence and individual acceptance requirement; this row is not an asset-ready claim.
CHAR-083,明确域需求/现有成果,Domain evidence and individual acceptance requirement; this row is not an asset-ready claim.
CHAR-084,明确域需求/现有成果,Domain evidence and individual acceptance requirement; this row is not an asset-ready claim.
CHAR-085,明确域需求/现有成果,Domain evidence and individual acceptance requirement; this row is not an asset-ready claim.
CHAR-086,明确域需求/现有成果,Domain evidence and individual acceptance requirement; this row is not an asset-ready claim.
CHAR-087,明确域需求/现有成果,Domain evidence and individual acceptance requirement; this row is not an asset-ready claim.
CHAR-088,明确域需求/现有成果,Domain evidence and individual acceptance requirement; this row is not an asset-ready claim.
CHAR-089,明确域需求/现有成果,Domain evidence and individual acceptance requirement; this row is not an asset-ready claim.
CHAR-090,明确域需求/现有成果,Domain evidence and individual acceptance requirement; this row is not an asset-ready claim.
CHAR-091,明确域需求/现有成果,Domain evidence and individual acceptance requirement; this row is not an asset-ready claim.
CHAR-092,明确域需求/现有成果,Domain evidence and individual acceptance requirement; this row is not an asset-ready claim.
CHAR-093,明确域需求/现有成果,Domain evidence and individual acceptance requirement; this row is not an asset-ready claim.
CHAR-094,明确域需求/现有成果,Domain evidence and individual acceptance requirement; this row is not an asset-ready claim.
CHAR-095,明确域需求/现有成果,Domain evidence and individual acceptance requirement; this row is not an asset-ready claim.
CHAR-096,明确域需求/现有成果,Domain evidence and individual acceptance requirement; this row is not an asset-ready claim.
CHAR-097,明确域需求/现有成果,Domain evidence and individual acceptance requirement; this row is not an asset-ready claim.
CHAR-098,明确域需求/现有成果,Domain evidence and individual acceptance requirement; this row is not an asset-ready claim.
CHAR-099,明确域需求/现有成果,Domain evidence and individual acceptance requirement; this row is not an asset-ready claim.
CHAR-100,明确域需求/现有成果,Domain evidence and individual acceptance requirement; this row is not an asset-ready claim.
CHAR-101,明确域需求/现有成果,Domain evidence and individual acceptance requirement; this row is not an asset-ready claim.
CHAR-102,明确域需求/现有成果,Domain evidence and individual acceptance requirement; this row is not an asset-ready claim.
CHAR-103,明确域需求/现有成果,Domain evidence and individual acceptance requirement; this row is not an asset-ready claim.
CHAR-104,明确域需求/现有成果,Domain evidence and individual acceptance requirement; this row is not an asset-ready claim.
CHAR-105,明确域需求/现有成果,Domain evidence and individual acceptance requirement; this row is not an asset-ready claim.
CHAR-106,明确域需求/现有成果,Domain evidence and individual acceptance requirement; this row is not an asset-ready claim.
CHAR-107,明确域需求/现有成果,Domain evidence and individual acceptance requirement; this row is not an asset-ready claim.
CHAR-108,明确域需求/现有成果,Domain evidence and individual acceptance requirement; this row is not an asset-ready claim.
CHAR-109,明确域需求/现有成果,Domain evidence and individual acceptance requirement; this row is not an asset-ready claim.
CHAR-110,明确域需求/现有成果,Domain evidence and individual acceptance requirement; this row is not an asset-ready claim.
CHAR-111,明确域需求/现有成果,Domain evidence and individual acceptance requirement; this row is not an asset-ready claim.
CHAR-112,明确域需求/现有成果,Domain evidence and individual acceptance requirement; this row is not an asset-ready claim.
CHAR-113,明确域需求/现有成果,Domain evidence and individual acceptance requirement; this row is not an asset-ready claim.
CHAR-114,明确域需求/现有成果,Domain evidence and individual acceptance requirement; this row is not an asset-ready claim.
CHAR-115,明确域需求/现有成果,Domain evidence and individual acceptance requirement; this row is not an asset-ready claim.
CHAR-116,明确域需求/现有成果,Domain evidence and individual acceptance requirement; this row is not an asset-ready claim.
CHAR-117,明确域需求/现有成果,Domain evidence and individual acceptance requirement; this row is not an asset-ready claim.
CHAR-118,明确域需求/现有成果,Domain evidence and individual acceptance requirement; this row is not an asset-ready claim.
CHAR-119,明确域需求/现有成果,Domain evidence and individual acceptance requirement; this row is not an asset-ready claim.
CHAR-120,明确域需求/现有成果,Domain evidence and individual acceptance requirement; this row is not an asset-ready claim.
CHAR-121,明确域需求/现有成果,Domain evidence and individual acceptance requirement; this row is not an asset-ready claim.
CHAR-122,明确域需求/现有成果,Domain evidence and individual acceptance requirement; this row is not an asset-ready claim.
CHAR-123,明确域需求/现有成果,Domain evidence and individual acceptance requirement; this row is not an asset-ready claim.
CHAR-124,明确域需求/现有成果,Domain evidence and individual acceptance requirement; this row is not an asset-ready claim.
CHAR-125,明确域需求/现有成果,Domain evidence and individual acceptance requirement; this row is not an asset-ready claim.
CHAR-126,明确域需求/现有成果,Domain evidence and individual acceptance requirement; this row is not an asset-ready claim.
CHAR-127,明确域需求/现有成果,Domain evidence and individual acceptance requirement; this row is not an asset-ready claim.
CHAR-128,明确域需求/现有成果,Domain evidence and individual acceptance requirement; this row is not an asset-ready claim.
CHAR-129,明确域需求/现有成果,Domain evidence and individual acceptance requirement; this row is not an asset-ready claim.
CHAR-130,明确域需求/现有成果,Domain evidence and individual acceptance requirement; this row is not an asset-ready claim.
CHAR-131,明确域需求/现有成果,Domain evidence and individual acceptance requirement; this row is not an asset-ready claim.
CHAR-132,明确域需求/现有成果,Domain evidence and individual acceptance requirement; this row is not an asset-ready claim.
CHAR-133,明确域需求/现有成果,Domain evidence and individual acceptance requirement; this row is not an asset-ready claim.
CHAR-134,明确域需求/现有成果,Domain evidence and individual acceptance requirement; this row is not an asset-ready claim.
CHAR-135,明确域需求/现有成果,Domain evidence and individual acceptance requirement; this row is not an asset-ready claim.
CHAR-136,明确域需求/现有成果,Domain evidence and individual acceptance requirement; this row is not an asset-ready claim.
CHAR-137,明确域需求/现有成果,Domain evidence and individual acceptance requirement; this row is not an asset-ready claim.
CHAR-138,明确域需求/现有成果,Domain evidence and individual acceptance requirement; this row is not an asset-ready claim.
CHAR-139,明确域需求/现有成果,Domain evidence and individual acceptance requirement; this row is not an asset-ready claim.
CHAR-140,明确域需求/现有成果,Domain evidence and individual acceptance requirement; this row is not an asset-ready claim.
CHAR-141,明确域需求/现有成果,Domain evidence and individual acceptance requirement; this row is not an asset-ready claim.
CHAR-142,明确域需求/现有成果,Domain evidence and individual acceptance requirement; this row is not an asset-ready claim.
CHAR-143,明确域需求/现有成果,Domain evidence and individual acceptance requirement; this row is not an asset-ready claim.
CHAR-144,明确域需求/现有成果,Domain evidence and individual acceptance requirement; this row is not an asset-ready claim.
CHAR-145,明确域需求/现有成果,Domain evidence and individual acceptance requirement; this row is not an asset-ready claim.
CHAR-146,明确域需求/现有成果,Domain evidence and individual acceptance requirement; this row is not an asset-ready claim.
CHAR-147,明确域需求/现有成果,Domain evidence and individual acceptance requirement; this row is not an asset-ready claim.
CHAR-148,明确域需求/现有成果,Domain evidence and individual acceptance requirement; this row is not an asset-ready claim.
CHAR-149,明确域需求/现有成果,Domain evidence and individual acceptance requirement; this row is not an asset-ready claim.
CHAR-150,明确域需求/现有成果,Domain evidence and individual acceptance requirement; this row is not an asset-ready claim.
CHAR-151,明确域需求/现有成果,Domain evidence and individual acceptance requirement; this row is not an asset-ready claim.
CHAR-152,明确域需求/现有成果,Domain evidence and individual acceptance requirement; this row is not an asset-ready claim.
CHAR-153,明确域需求/现有成果,Domain evidence and individual acceptance requirement; this row is not an asset-ready claim.
CHAR-154,明确域需求/现有成果,Domain evidence and individual acceptance requirement; this row is not an asset-ready claim.
CHAR-155,明确域需求/现有成果,Domain evidence and individual acceptance requirement; this row is not an asset-ready claim.
CHAR-156,明确域需求/现有成果,Domain evidence and individual acceptance requirement; this row is not an asset-ready claim.
CHAR-157,明确域需求/现有成果,Domain evidence and individual acceptance requirement; this row is not an asset-ready claim.
CHAR-158,明确域需求/现有成果,Domain evidence and individual acceptance requirement; this row is not an asset-ready claim.
CHAR-159,明确域需求/现有成果,Domain evidence and individual acceptance requirement; this row is not an asset-ready claim.
CHAR-160,明确域需求/现有成果,Domain evidence and individual acceptance requirement; this row is not an asset-ready claim.
CHAR-161,明确域需求/现有成果,Domain evidence and individual acceptance requirement; this row is not an asset-ready claim.
CHAR-162,明确域需求/现有成果,Domain evidence and individual acceptance requirement; this row is not an asset-ready claim.
CHAR-163,明确域需求/现有成果,Domain evidence and individual acceptance requirement; this row is not an asset-ready claim.
CHAR-164,明确域需求/现有成果,Domain evidence and individual acceptance requirement; this row is not an asset-ready claim.
CHAR-165,明确域需求/现有成果,Domain evidence and individual acceptance requirement; this row is not an asset-ready claim.
CHAR-166,明确域需求/现有成果,Domain evidence and individual acceptance requirement; this row is not an asset-ready claim.
CHAR-167,明确域需求/现有成果,Domain evidence and individual acceptance requirement; this row is not an asset-ready claim.
CHAR-168,明确域需求/现有成果,Domain evidence and individual acceptance requirement; this row is not an asset-ready claim.
CHAR-169,明确域需求/现有成果,Domain evidence and individual acceptance requirement; this row is not an asset-ready claim.
CHAR-170,明确域需求/现有成果,Domain evidence and individual acceptance requirement; this row is not an asset-ready claim.
CHAR-171,明确域需求/现有成果,Domain evidence and individual acceptance requirement; this row is not an asset-ready claim.
CHAR-172,明确域需求/现有成果,Domain evidence and individual acceptance requirement; this row is not an asset-ready claim.
CHAR-173,明确域需求/现有成果,Domain evidence and individual acceptance requirement; this row is not an asset-ready claim.
CHAR-174,明确域需求/现有成果,Domain evidence and individual acceptance requirement; this row is not an asset-ready claim.
CHAR-175,明确域需求/现有成果,Domain evidence and individual acceptance requirement; this row is not an asset-ready claim.
CHAR-176,明确域需求/现有成果,Domain evidence and individual acceptance requirement; this row is not an asset-ready claim.
CHAR-177,明确域需求/现有成果,Domain evidence and individual acceptance requirement; this row is not an asset-ready claim.
CHAR-178,明确域需求/现有成果,Domain evidence and individual acceptance requirement; this row is not an asset-ready claim.
CHAR-179,明确域需求/现有成果,Domain evidence and individual acceptance requirement; this row is not an asset-ready claim.
CHAR-180,明确域需求/现有成果,Domain evidence and individual acceptance requirement; this row is not an asset-ready claim.
CHAR-181,明确域需求/现有成果,Domain evidence and individual acceptance requirement; this row is not an asset-ready claim.
CHAR-182,明确域需求/现有成果,Domain evidence and individual acceptance requirement; this row is not an asset-ready claim.
CHAR-183,明确域需求/现有成果,Domain evidence and individual acceptance requirement; this row is not an asset-ready claim.
CHAR-184,明确域需求/现有成果,Domain evidence and individual acceptance requirement; this row is not an asset-ready claim.
CHAR-185,明确域需求/现有成果,Domain evidence and individual acceptance requirement; this row is not an asset-ready claim.
CHAR-186,明确域需求/现有成果,Domain evidence and individual acceptance requirement; this row is not an asset-ready claim.
CHAR-187,明确域需求/现有成果,Domain evidence and individual acceptance requirement; this row is not an asset-ready claim.
CHAR-188,明确域需求/现有成果,Domain evidence and individual acceptance requirement; this row is not an asset-ready claim.
CHAR-189,明确域需求/现有成果,Domain evidence and individual acceptance requirement; this row is not an asset-ready claim.
CHAR-190,明确域需求/现有成果,Domain evidence and individual acceptance requirement; this row is not an asset-ready claim.
CHAR-191,明确域需求/现有成果,Domain evidence and individual acceptance requirement; this row is not an asset-ready claim.
CHAR-192,明确域需求/现有成果,Domain evidence and individual acceptance requirement; this row is not an asset-ready claim.
CHAR-193,明确域需求/现有成果,Domain evidence and individual acceptance requirement; this row is not an asset-ready claim.
CHAR-194,明确域需求/现有成果,Domain evidence and individual acceptance requirement; this row is not an asset-ready claim.
CHAR-195,明确域需求/现有成果,Domain evidence and individual acceptance requirement; this row is not an asset-ready claim.
CHAR-196,明确域需求/现有成果,Domain evidence and individual acceptance requirement; this row is not an asset-ready claim.
CHAR-197,明确域需求/现有成果,Domain evidence and individual acceptance requirement; this row is not an asset-ready claim.
CHAR-198,明确域需求/现有成果,Domain evidence and individual acceptance requirement; this row is not an asset-ready claim.
CHAR-199,明确域需求/现有成果,Domain evidence and individual acceptance requirement; this row is not an asset-ready claim.
CHAR-200,明确域需求/现有成果,Domain evidence and individual acceptance requirement; this row is not an asset-ready claim.
CHAR-201,明确域需求/现有成果,Domain evidence and individual acceptance requirement; this row is not an asset-ready claim.
CHAR-202,明确域需求/现有成果,Domain evidence and individual acceptance requirement; this row is not an asset-ready claim.
CHAR-203,明确域需求/现有成果,Domain evidence and individual acceptance requirement; this row is not an asset-ready claim.
CHAR-204,明确域需求/现有成果,Domain evidence and individual acceptance requirement; this row is not an asset-ready claim.
CHAR-205,明确域需求/现有成果,Domain evidence and individual acceptance requirement; this row is not an asset-ready claim.
CHAR-206,明确域需求/现有成果,Domain evidence and individual acceptance requirement; this row is not an asset-ready claim.
CHAR-207,物种方案确定后条件生产,Depends on selected species/household scheme; missing state does not make every candidate mandatory.
CHAR-208,物种方案确定后条件生产,Depends on selected species/household scheme; missing state does not make every candidate mandatory.
CHAR-209,明确域需求/现有成果,Domain evidence and individual acceptance requirement; this row is not an asset-ready claim.
CHAR-210,明确域需求/现有成果,Domain evidence and individual acceptance requirement; this row is not an asset-ready claim.
CHAR-211,明确域需求/现有成果,Domain evidence and individual acceptance requirement; this row is not an asset-ready claim.
CHAR-212,明确域需求/现有成果,Domain evidence and individual acceptance requirement; this row is not an asset-ready claim.
CHAR-213,明确域需求/现有成果,Domain evidence and individual acceptance requirement; this row is not an asset-ready claim.
CHAR-214,明确域需求/现有成果,Domain evidence and individual acceptance requirement; this row is not an asset-ready claim.
CHAR-215,明确域需求/现有成果,Domain evidence and individual acceptance requirement; this row is not an asset-ready claim.
CHAR-216,明确域需求/现有成果,Domain evidence and individual acceptance requirement; this row is not an asset-ready claim.
CHAR-217,明确域需求/现有成果,Domain evidence and individual acceptance requirement; this row is not an asset-ready claim.
CHAR-218,明确域需求/现有成果,Domain evidence and individual acceptance requirement; this row is not an asset-ready claim.
CHAR-219,明确域需求/现有成果,Domain evidence and individual acceptance requirement; this row is not an asset-ready claim.
CHAR-220,明确域需求/现有成果,Domain evidence and individual acceptance requirement; this row is not an asset-ready claim.
CHAR-221,明确域需求/现有成果,Domain evidence and individual acceptance requirement; this row is not an asset-ready claim.
CHAR-222,明确域需求/现有成果,Domain evidence and individual acceptance requirement; this row is not an asset-ready claim.
CHAR-223,明确域需求/现有成果,Domain evidence and individual acceptance requirement; this row is not an asset-ready claim.
CHAR-224,明确域需求/现有成果,Domain evidence and individual acceptance requirement; this row is not an asset-ready claim.
CHAR-225,明确域需求/现有成果,Domain evidence and individual acceptance requirement; this row is not an asset-ready claim.
CHAR-226,明确域需求/现有成果,Domain evidence and individual acceptance requirement; this row is not an asset-ready claim.
CHAR-227,明确域需求/现有成果,Domain evidence and individual acceptance requirement; this row is not an asset-ready claim.
CHAR-228,明确域需求/现有成果,Domain evidence and individual acceptance requirement; this row is not an asset-ready claim.
CHAR-229,明确域需求/现有成果,Domain evidence and individual acceptance requirement; this row is not an asset-ready claim.
CHAR-230,明确域需求/现有成果,Domain evidence and individual acceptance requirement; this row is not an asset-ready claim.
CHAR-231,明确域需求/现有成果,Domain evidence and individual acceptance requirement; this row is not an asset-ready claim.
CHAR-232,明确域需求/现有成果,Domain evidence and individual acceptance requirement; this row is not an asset-ready claim.
CHAR-233,明确域需求/现有成果,Domain evidence and individual acceptance requirement; this row is not an asset-ready claim.
CHAR-234,明确域需求/现有成果,Domain evidence and individual acceptance requirement; this row is not an asset-ready claim.
CHAR-235,明确域需求/现有成果,Domain evidence and individual acceptance requirement; this row is not an asset-ready claim.
CHAR-236,明确域需求/现有成果,Domain evidence and individual acceptance requirement; this row is not an asset-ready claim.
CHAR-237,明确域需求/现有成果,Domain evidence and individual acceptance requirement; this row is not an asset-ready claim.
CHAR-238,明确域需求/现有成果,Domain evidence and individual acceptance requirement; this row is not an asset-ready claim.
CHAR-239,明确域需求/现有成果,Domain evidence and individual acceptance requirement; this row is not an asset-ready claim.
CHAR-240,明确域需求/现有成果,Domain evidence and individual acceptance requirement; this row is not an asset-ready claim.
CHAR-241,明确域需求/现有成果,Domain evidence and individual acceptance requirement; this row is not an asset-ready claim.
CHAR-242,明确域需求/现有成果,Domain evidence and individual acceptance requirement; this row is not an asset-ready claim.
CHAR-243,明确域需求/现有成果,Domain evidence and individual acceptance requirement; this row is not an asset-ready claim.
CHAR-244,明确域需求/现有成果,Domain evidence and individual acceptance requirement; this row is not an asset-ready claim.
CHAR-245,明确域需求/现有成果,Domain evidence and individual acceptance requirement; this row is not an asset-ready claim.
CHAR-246,明确域需求/现有成果,Domain evidence and individual acceptance requirement; this row is not an asset-ready claim.
CHAR-247,明确域需求/现有成果,Domain evidence and individual acceptance requirement; this row is not an asset-ready claim.
CHAR-248,明确域需求/现有成果,Domain evidence and individual acceptance requirement; this row is not an asset-ready claim.
CHAR-249,明确域需求/现有成果,Domain evidence and individual acceptance requirement; this row is not an asset-ready claim.
CHAR-250,明确域需求/现有成果,Domain evidence and individual acceptance requirement; this row is not an asset-ready claim.
CHAR-251,明确域需求/现有成果,Domain evidence and individual acceptance requirement; this row is not an asset-ready claim.
CHAR-252,明确域需求/现有成果,Domain evidence and individual acceptance requirement; this row is not an asset-ready claim.
CHAR-253,明确域需求/现有成果,Domain evidence and individual acceptance requirement; this row is not an asset-ready claim.
CHAR-254,明确域需求/现有成果,Domain evidence and individual acceptance requirement; this row is not an asset-ready claim.
CHAR-255,明确域需求/现有成果,Domain evidence and individual acceptance requirement; this row is not an asset-ready claim.
CHAR-256,明确域需求/现有成果,Domain evidence and individual acceptance requirement; this row is not an asset-ready claim.
CHAR-257,明确域需求/现有成果,Domain evidence and individual acceptance requirement; this row is not an asset-ready claim.
CHAR-258,明确域需求/现有成果,Domain evidence and individual acceptance requirement; this row is not an asset-ready claim.
CHAR-259,明确域需求/现有成果,Domain evidence and individual acceptance requirement; this row is not an asset-ready claim.
CHAR-260,明确域需求/现有成果,Domain evidence and individual acceptance requirement; this row is not an asset-ready claim.
CHAR-261,明确域需求/现有成果,Domain evidence and individual acceptance requirement; this row is not an asset-ready claim.
CHAR-262,明确域需求/现有成果,Domain evidence and individual acceptance requirement; this row is not an asset-ready claim.
CHAR-263,明确域需求/现有成果,Domain evidence and individual acceptance requirement; this row is not an asset-ready claim.
CHAR-264,明确域需求/现有成果,Domain evidence and individual acceptance requirement; this row is not an asset-ready claim.
CHAR-265,明确域需求/现有成果,Domain evidence and individual acceptance requirement; this row is not an asset-ready claim.
CHAR-266,明确域需求/现有成果,Domain evidence and individual acceptance requirement; this row is not an asset-ready claim.
CHAR-267,明确域需求/现有成果,Domain evidence and individual acceptance requirement; this row is not an asset-ready claim.
CHAR-268,明确域需求/现有成果,Domain evidence and individual acceptance requirement; this row is not an asset-ready claim.
CHAR-269,明确域需求/现有成果,Domain evidence and individual acceptance requirement; this row is not an asset-ready claim.
CHAR-270,明确域需求/现有成果,Domain evidence and individual acceptance requirement; this row is not an asset-ready claim.
CHAR-271,明确域需求/现有成果,Domain evidence and individual acceptance requirement; this row is not an asset-ready claim.
CHAR-272,明确域需求/现有成果,Domain evidence and individual acceptance requirement; this row is not an asset-ready claim.
CHAR-273,明确域需求/现有成果,Domain evidence and individual acceptance requirement; this row is not an asset-ready claim.
CHAR-274,明确域需求/现有成果,Domain evidence and individual acceptance requirement; this row is not an asset-ready claim.
CHAR-275,明确域需求/现有成果,Domain evidence and individual acceptance requirement; this row is not an asset-ready claim.
CHAR-276,明确域需求/现有成果,Domain evidence and individual acceptance requirement; this row is not an asset-ready claim.
CHAR-277,明确域需求/现有成果,Domain evidence and individual acceptance requirement; this row is not an asset-ready claim.
CHAR-278,明确域需求/现有成果,Domain evidence and individual acceptance requirement; this row is not an asset-ready claim.
CHAR-279,明确域需求/现有成果,Domain evidence and individual acceptance requirement; this row is not an asset-ready claim.
CHAR-280,明确域需求/现有成果,Domain evidence and individual acceptance requirement; this row is not an asset-ready claim.
CHAR-281,明确域需求/现有成果,Domain evidence and individual acceptance requirement; this row is not an asset-ready claim.
CHAR-282,明确域需求/现有成果,Domain evidence and individual acceptance requirement; this row is not an asset-ready claim.
CHAR-283,明确域需求/现有成果,Domain evidence and individual acceptance requirement; this row is not an asset-ready claim.
CHAR-284,明确域需求/现有成果,Domain evidence and individual acceptance requirement; this row is not an asset-ready claim.
CHAR-285,明确域需求/现有成果,Domain evidence and individual acceptance requirement; this row is not an asset-ready claim.
CHAR-286,明确域需求/现有成果,Domain evidence and individual acceptance requirement; this row is not an asset-ready claim.
CHAR-287,明确域需求/现有成果,Domain evidence and individual acceptance requirement; this row is not an asset-ready claim.
CHAR-288,明确域需求/现有成果,Domain evidence and individual acceptance requirement; this row is not an asset-ready claim.
CHAR-289,明确域需求/现有成果,Domain evidence and individual acceptance requirement; this row is not an asset-ready claim.
CHAR-290,明确域需求/现有成果,Domain evidence and individual acceptance requirement; this row is not an asset-ready claim.
CHAR-291,明确域需求/现有成果,Domain evidence and individual acceptance requirement; this row is not an asset-ready claim.
CHAR-292,明确域需求/现有成果,Domain evidence and individual acceptance requirement; this row is not an asset-ready claim.
CHAR-293,明确域需求/现有成果,Domain evidence and individual acceptance requirement; this row is not an asset-ready claim.
CHAR-294,明确域需求/现有成果,Domain evidence and individual acceptance requirement; this row is not an asset-ready claim.
CHAR-295,明确域需求/现有成果,Domain evidence and individual acceptance requirement; this row is not an asset-ready claim.
CHAR-296,明确域需求/现有成果,Domain evidence and individual acceptance requirement; this row is not an asset-ready claim.
CHAR-297,明确域需求/现有成果,Domain evidence and individual acceptance requirement; this row is not an asset-ready claim.
CHAR-298,明确域需求/现有成果,Domain evidence and individual acceptance requirement; this row is not an asset-ready claim.
CHAR-299,明确域需求/现有成果,Domain evidence and individual acceptance requirement; this row is not an asset-ready claim.
CHAR-300,明确域需求/现有成果,Domain evidence and individual acceptance requirement; this row is not an asset-ready claim.
CHAR-301,明确域需求/现有成果,Domain evidence and individual acceptance requirement; this row is not an asset-ready claim.
CHAR-302,物种方案确定后条件生产,Depends on selected species/household scheme; missing state does not make every candidate mandatory.
CHAR-303,明确域需求/现有成果,Domain evidence and individual acceptance requirement; this row is not an asset-ready claim.
CHAR-304,明确域需求/现有成果,Domain evidence and individual acceptance requirement; this row is not an asset-ready claim.
CHAR-305,明确域需求/现有成果,Domain evidence and individual acceptance requirement; this row is not an asset-ready claim.
CHAR-306,具体物种候选,The ecology/pet domain is in scope; this species is not locked. No production order implied.
CHAR-307,具体物种候选,The ecology/pet domain is in scope; this species is not locked. No production order implied.
CHAR-308,具体物种候选,The ecology/pet domain is in scope; this species is not locked. No production order implied.
CHAR-309,具体物种候选,The ecology/pet domain is in scope; this species is not locked. No production order implied.
CHAR-310,具体物种候选,The ecology/pet domain is in scope; this species is not locked. No production order implied.
CHAR-311,具体物种候选,The ecology/pet domain is in scope; this species is not locked. No production order implied.
CHAR-312,具体物种候选,The ecology/pet domain is in scope; this species is not locked. No production order implied.
CHAR-313,具体物种候选,The ecology/pet domain is in scope; this species is not locked. No production order implied.
CHAR-314,具体物种候选,The ecology/pet domain is in scope; this species is not locked. No production order implied.
CHAR-315,具体物种候选,The ecology/pet domain is in scope; this species is not locked. No production order implied.
CHAR-316,具体物种候选,The ecology/pet domain is in scope; this species is not locked. No production order implied.
CHAR-317,具体物种候选,The ecology/pet domain is in scope; this species is not locked. No production order implied.
CHAR-318,具体物种候选,The ecology/pet domain is in scope; this species is not locked. No production order implied.
CHAR-319,具体物种候选,The ecology/pet domain is in scope; this species is not locked. No production order implied.
CHAR-320,具体物种候选,The ecology/pet domain is in scope; this species is not locked. No production order implied.
CHAR-321,具体物种候选,The ecology/pet domain is in scope; this species is not locked. No production order implied.
CHAR-322,具体物种候选,The ecology/pet domain is in scope; this species is not locked. No production order implied.
CHAR-323,具体物种候选,The ecology/pet domain is in scope; this species is not locked. No production order implied.
CHAR-324,物种方案确定后条件生产,Depends on selected species/household scheme; missing state does not make every candidate mandatory.
CHAR-325,物种方案确定后条件生产,Depends on selected species/household scheme; missing state does not make every candidate mandatory.
CHAR-326,物种方案确定后条件生产,Depends on selected species/household scheme; missing state does not make every candidate mandatory.
CHAR-327,物种方案确定后条件生产,Depends on selected species/household scheme; missing state does not make every candidate mandatory.
CHAR-328,物种方案确定后条件生产,Depends on selected species/household scheme; missing state does not make every candidate mandatory.
CHAR-329,物种方案确定后条件生产,Depends on selected species/household scheme; missing state does not make every candidate mandatory.
CHAR-330,物种方案确定后条件生产,Depends on selected species/household scheme; missing state does not make every candidate mandatory.
CHAR-331,物种方案确定后条件生产,Depends on selected species/household scheme; missing state does not make every candidate mandatory.
CHAR-332,物种方案确定后条件生产,Depends on selected species/household scheme; missing state does not make every candidate mandatory.
CHAR-333,物种方案确定后条件生产,Depends on selected species/household scheme; missing state does not make every candidate mandatory.
CHAR-334,物种方案确定后条件生产,Depends on selected species/household scheme; missing state does not make every candidate mandatory.
CHAR-335,物种方案确定后条件生产,Depends on selected species/household scheme; missing state does not make every candidate mandatory.
CHAR-336,物种方案确定后条件生产,Depends on selected species/household scheme; missing state does not make every candidate mandatory.
CHAR-337,物种方案确定后条件生产,Depends on selected species/household scheme; missing state does not make every candidate mandatory.
CHAR-338,物种方案确定后条件生产,Depends on selected species/household scheme; missing state does not make every candidate mandatory.
CHAR-339,物种方案确定后条件生产,Depends on selected species/household scheme; missing state does not make every candidate mandatory.
CHAR-340,物种方案确定后条件生产,Depends on selected species/household scheme; missing state does not make every candidate mandatory.
CHAR-341,物种方案确定后条件生产,Depends on selected species/household scheme; missing state does not make every candidate mandatory.
CHAR-342,物种方案确定后条件生产,Depends on selected species/household scheme; missing state does not make every candidate mandatory.
CHAR-343,物种方案确定后条件生产,Depends on selected species/household scheme; missing state does not make every candidate mandatory.
CHAR-344,物种方案确定后条件生产,Depends on selected species/household scheme; missing state does not make every candidate mandatory.
CHAR-345,物种方案确定后条件生产,Depends on selected species/household scheme; missing state does not make every candidate mandatory.
CHAR-346,物种方案确定后条件生产,Depends on selected species/household scheme; missing state does not make every candidate mandatory.
CHAR-347,物种方案确定后条件生产,Depends on selected species/household scheme; missing state does not make every candidate mandatory.
CHAR-348,物种方案确定后条件生产,Depends on selected species/household scheme; missing state does not make every candidate mandatory.
CHAR-349,物种方案确定后条件生产,Depends on selected species/household scheme; missing state does not make every candidate mandatory.
CHAR-350,物种方案确定后条件生产,Depends on selected species/household scheme; missing state does not make every candidate mandatory.
CHAR-351,物种方案确定后条件生产,Depends on selected species/household scheme; missing state does not make every candidate mandatory.
CHAR-352,物种方案确定后条件生产,Depends on selected species/household scheme; missing state does not make every candidate mandatory.
CHAR-353,物种方案确定后条件生产,Depends on selected species/household scheme; missing state does not make every candidate mandatory.
CHAR-354,物种方案确定后条件生产,Depends on selected species/household scheme; missing state does not make every candidate mandatory.
CHAR-355,物种方案确定后条件生产,Depends on selected species/household scheme; missing state does not make every candidate mandatory.
CHAR-356,物种方案确定后条件生产,Depends on selected species/household scheme; missing state does not make every candidate mandatory.
CHAR-357,明确域需求/现有成果,Domain evidence and individual acceptance requirement; this row is not an asset-ready claim.
CHAR-358,明确域需求/现有成果,Domain evidence and individual acceptance requirement; this row is not an asset-ready claim.
CHAR-359,明确域需求/现有成果,Domain evidence and individual acceptance requirement; this row is not an asset-ready claim.
CHAR-360,明确域需求/现有成果,Domain evidence and individual acceptance requirement; this row is not an asset-ready claim.
CHAR-361,物种方案确定后条件生产,Depends on selected species/household scheme; missing state does not make every candidate mandatory.
CHAR-362,物种方案确定后条件生产,Depends on selected species/household scheme; missing state does not make every candidate mandatory.
CHAR-363,物种方案确定后条件生产,Depends on selected species/household scheme; missing state does not make every candidate mandatory.
CHAR-364,物种方案确定后条件生产,Depends on selected species/household scheme; missing state does not make every candidate mandatory.
UI-001,明确域需求/现有成果,Domain evidence and individual acceptance requirement; this row is not an asset-ready claim.
UI-002,明确域需求/现有成果,Domain evidence and individual acceptance requirement; this row is not an asset-ready claim.
UI-003,明确域需求/现有成果,Domain evidence and individual acceptance requirement; this row is not an asset-ready claim.
UI-004,明确域需求/现有成果,Domain evidence and individual acceptance requirement; this row is not an asset-ready claim.
UI-005,明确域需求/现有成果,Domain evidence and individual acceptance requirement; this row is not an asset-ready claim.
UI-006,明确域需求/现有成果,Domain evidence and individual acceptance requirement; this row is not an asset-ready claim.
UI-007,明确域需求/现有成果,Domain evidence and individual acceptance requirement; this row is not an asset-ready claim.
UI-008,明确域需求/现有成果,Domain evidence and individual acceptance requirement; this row is not an asset-ready claim.
UI-009,明确域需求/现有成果,Domain evidence and individual acceptance requirement; this row is not an asset-ready claim.
UI-010,明确域需求/现有成果,Domain evidence and individual acceptance requirement; this row is not an asset-ready claim.
UI-011,明确域需求/现有成果,Domain evidence and individual acceptance requirement; this row is not an asset-ready claim.
UI-012,明确域需求/现有成果,Domain evidence and individual acceptance requirement; this row is not an asset-ready claim.
UI-013,明确域需求/现有成果,Domain evidence and individual acceptance requirement; this row is not an asset-ready claim.
UI-014,明确域需求/现有成果,Domain evidence and individual acceptance requirement; this row is not an asset-ready claim.
UI-015,明确域需求/现有成果,Domain evidence and individual acceptance requirement; this row is not an asset-ready claim.
UI-016,明确域需求/现有成果,Domain evidence and individual acceptance requirement; this row is not an asset-ready claim.
UI-017,明确域需求/现有成果,Domain evidence and individual acceptance requirement; this row is not an asset-ready claim.
UI-018,明确域需求/现有成果,Domain evidence and individual acceptance requirement; this row is not an asset-ready claim.
UI-019,明确域需求/现有成果,Domain evidence and individual acceptance requirement; this row is not an asset-ready claim.
UI-020,明确域需求/现有成果,Domain evidence and individual acceptance requirement; this row is not an asset-ready claim.
UI-021,明确域需求/现有成果,Domain evidence and individual acceptance requirement; this row is not an asset-ready claim.
UI-022,明确域需求/现有成果,Domain evidence and individual acceptance requirement; this row is not an asset-ready claim.
UI-023,明确域需求/现有成果,Domain evidence and individual acceptance requirement; this row is not an asset-ready claim.
UI-024,明确域需求/现有成果,Domain evidence and individual acceptance requirement; this row is not an asset-ready claim.
ENV-134,明确域需求/现有成果,Domain evidence and individual acceptance requirement; this row is not an asset-ready claim.
ENV-135,明确域需求/现有成果,Domain evidence and individual acceptance requirement; this row is not an asset-ready claim.
BUILT-315,明确域需求/现有成果,Domain evidence and individual acceptance requirement; this row is not an asset-ready claim.
BUILT-316,明确域需求/现有成果,Domain evidence and individual acceptance requirement; this row is not an asset-ready claim.
BUILT-317,明确域需求/现有成果,Domain evidence and individual acceptance requirement; this row is not an asset-ready claim.
